Name,Type of Parliamentarian,Riding/Senatorial Division,Province/Territory,Gender,Political Affiliation
"Arnot, David","Senator (2021/07/29 - )
","Saskatchewan (2021/07/29 - )
","Saskatchewan
",M,"Non-affiliated (2021/07/29 - )
"
"Audette, Michèle","Senator (2021/07/29 - )
","De Salaberry (2021/07/29 - )
","Quebec
",F,"Non-affiliated (2021/07/29 - )
"
"Gerba, Amina","Senator (2021/07/29 - )
","Rigaud (2021/07/29 - )
","Quebec
",F,"Progressive Senate Group (2021/09/02 - )
Non-affiliated (2021/07/29 - )
"
"Gignac, Clément","Senator (2021/07/29 - )
","Kennebec (2021/07/29 - )
","Quebec
",M,"Progressive Senate Group (2021/08/19 - )
Non-affiliated (2021/07/29 - 2021/08/18)
"
"Sorensen, Karen","Senator (2021/07/29 - )
","Alberta (2021/07/29 - )
","Alberta
",F,"Non-affiliated (2021/07/29 - )
"
"Clement, Bernadette","Senator (2021/06/22 - )
","Ontario (2021/06/22 - )
","Ontario
",F,"Non-affiliated (2021/06/22 - )
"
"Quinn, James","Senator (2021/06/22 - )
","New Brunswick (2021/06/22 - )
","New Brunswick
",M,"Canadian Senators Group (2021/09/08 - )
Non-affiliated (2021/06/22 - 2021/09/07)
"
"Yussuff, Hassan ","Senator (2021/06/22 - )
","Ontario (2021/06/22 - )
","Ontario
",M,"Non-affiliated (2021/06/22 - )
"
"Cotter, Brent","Senator (2020/01/31 - )
","Saskatchewan (2020/01/31 - )
","Saskatchewan
",M,"Independent Senators Group (2020/02/06 - )
Non-affiliated (2020/01/31 - 2020/02/05)
"
"Keating, Judith","Senator (2020/01/30 - 2021/07/15)
","New Brunswick (2020/01/30 - 2021/07/15)
","New Brunswick
",F,"Independent Senators Group (2020/02/06 - 2021/07/15)
Non-affiliated (2020/01/30 - 2020/02/05)
"
"Loffreda, Tony","Senator (2019/07/22 - )
","Shawinigan (2019/07/22 - )
","Quebec
",M,"Independent Senators Group (2019/11/07 - )
Non-affiliated (2019/07/22 - 2019/11/06)
"
"Anderson, Margaret Dawn","Senator (2018/12/12 - )
","Northwest Territories (2018/12/12 - )
","Northwest Territories
",F,"Progressive Senate Group (2021/03/01 - )
Independent Senators Group (2019/02/21 - 2021/02/28)
Non-affiliated (2018/12/12 - 2019/02/20)
"
"Duncan, Pat","Senator (2018/12/12 - )
","Yukon (2018/12/12 - )
","Yukon
",F,"Independent Senators Group (2019/02/21 - )
Non-affiliated (2018/12/12 - 2019/02/20)
"
"Kutcher, Stan","Senator (2018/12/12 - )
","Nova Scotia (2018/12/12 - )
","Nova Scotia
",M,"Independent Senators Group (2019/02/21 - )
Non-affiliated (2018/12/12 - 2019/02/20)
"
"Moodie, Rosemary","Senator (2018/12/12 - )
","Ontario (2018/12/12 - )
","Ontario
",F,"Independent Senators Group (2019/02/21 - )
Non-affiliated (2018/12/12 - 2019/02/20)
"
"Forest-Niesing, Josée","Senator (2018/10/11 - )
","Ontario (2018/10/11 - )
","Ontario
",F,"Independent Senators Group (2018/10/17 - )
Non-affiliated (2018/10/11 - 2018/10/16)
"
"Francis, Brian","Senator (2018/10/11 - )
","Prince Edward Island (2018/10/11 - )
","Prince Edward Island
",M,"Progressive Senate Group (2020/09/14 - )
Independent Senators Group (2018/10/17 - 2020/09/13)
Non-affiliated (2018/10/11 - 2018/10/16)
"
"Boehm, Peter M.","Senator (2018/10/03 - )
","Ontario (2018/10/03 - )
","Ontario
",M,"Independent Senators Group (2018/10/18 - )
Non-affiliated (2018/10/03 - 2018/10/17)
"
"LaBoucane-Benson, Patti","Senator (2018/10/03 - )
","Alberta (2018/10/03 - )
","Alberta
",F,"Non-affiliated (2020/01/31 - )
Independent Senators Group (2018/10/30 - 2020/01/30)
Non-affiliated (2018/10/03 - 2018/10/29)
"
"Simons, Paula","Senator (2018/10/03 - )
","Alberta (2018/10/03 - )
","Alberta
",F,"Independent Senators Group (2018/10/18 - )
Non-affiliated (2018/10/03 - 2018/10/17)
"
"Busson, Bev","Senator (2018/09/24 - )
","British Columbia (2018/09/24 - )
","British Columbia
",F,"Independent Senators Group (2018/10/17 - )
Non-affiliated (2018/09/24 - 2018/10/16)
"
"Klyne, Marty","Senator (2018/09/24 - )
","Saskatchewan (2018/09/24 - )
","Saskatchewan
",M,"Progressive Senate Group (2020/09/02 - )
Independent Senators Group (2018/10/31 - 2020/09/01)
Non-affiliated (2018/09/24 - 2018/10/30)
"
"Miville-Dechêne, Julie","Senator (2018/06/20 - )
","Inkerman (2018/06/20 - )
","Quebec
",F,"Independent Senators Group (2018/09/19 - )
Non-affiliated (2018/06/20 - 2018/09/18)
"
"Deacon, Colin","Senator (2018/06/15 - )
","Nova Scotia (2018/06/15 - )
","Nova Scotia
",M,"Independent Senators Group (2018/09/21 - )
Non-affiliated (2018/06/15 - 2018/09/20)
"
"Dalphond, Pierre J.","Senator (2018/06/06 - )
","De Lorimier (2018/06/06 - )
","Quebec
",M,"Progressive Senate Group (2020/05/21 - )
Non-affiliated (2020/05/21 - 2020/05/21)
Independent Senators Group (2018/06/08 - 2020/05/20)
Non-affiliated (2018/06/06 - 2018/06/07)
"
"Dasko, Donna","Senator (2018/06/06 - )
","Ontario (2018/06/06 - )
","Ontario
",F,"Independent Senators Group (2018/06/08 - )
Non-affiliated (2018/06/06 - 2018/06/07)
"
"Ravalia, Mohamed-Iqbal","Senator (2018/06/01 - )
","Newfoundland and Labrador (2018/06/01 - )
","Newfoundland and Labrador
",M,"Independent Senators Group (2018/06/07 - )
Non-affiliated (2018/06/01 - 2018/06/06)
"
"Boyer, Yvonne","Senator (2018/03/15 - )
","Ontario (2018/03/15 - )
","Ontario
",F,"Independent Senators Group (2018/03/28 - )
Non-affiliated (2018/03/15 - 2018/03/27)
"
"Black, Robert","Senator (2018/02/15 - )
","Ontario (2018/03/29 - )
Centre Wellington (2018/02/15 - 2018/03/28)
","Ontario
Ontario
",M,"Canadian Senators Group (2019/11/04 - )
Independent Senators Group (2018/02/28 - 2019/11/03)
Non-affiliated (2018/02/15 - 2018/02/27)
"
"Deacon, Marty","Senator (2018/02/15 - )
","Waterloo Region (2018/04/25 - )
Waterloo (2018/02/15 - 2018/04/24)
","Ontario
Ontario
",F,"Independent Senators Group (2018/02/28 - )
Non-affiliated (2018/02/15 - 2018/02/27)
"
"Coyle, Mary","Senator (2017/12/04 - )
","Nova Scotia (2017/12/04 - )
","Nova Scotia
",F,"Independent Senators Group (2018/02/07 - )
Non-affiliated (2017/12/04 - 2018/02/06)
"
"McCallum, Mary Jane","Senator (2017/12/04 - )
","Manitoba (2017/12/04 - )
","Manitoba
",F,"Independent Senators Group (2018/02/07 - )
Non-affiliated (2017/12/04 - 2018/02/06)
"
"Richards, David Adams","Senator (2017/08/30 - )
","New Brunswick (2017/08/31 - )
","New Brunswick
",M,"Canadian Senators Group (2019/11/04 - )
Non-affiliated (2018/04/24 - 2019/11/03)
Independent Senators Group (2017/09/28 - 2018/04/23)
Non-affiliated (2017/08/30 - 2017/09/27)
"
"Christmas, Daniel","Senator (2016/12/06 - )
","Nova Scotia (2016/12/06 - )
","Nova Scotia
",M,"Independent Senators Group (2017/06/01 - )
Non-affiliated (Independent Senators Group) (2016/12/16 - 2017/05/31)
Non-affiliated (2016/12/06 - 2016/12/15)
"
"Galvez, Rosa","Senator (2016/12/06 - )
","Bedford (2016/12/06 - )
","Quebec
",F,"Independent Senators Group (2017/06/01 - )
Non-affiliated (Independent Senators Group) (2016/12/16 - 2017/05/31)
Non-affiliated (2016/12/06 - 2016/12/15)
"
"Gold, Marc","Senator (2016/11/25 - )
","Stadacona (2016/11/25 - )
","Quebec
",M,"Non-affiliated (2020/01/24 - )
Independent Senators Group (2017/06/01 - 2020/01/23)
Non-affiliated (Independent Senators Group) (2016/12/02 - 2017/05/31)
Non-affiliated (2016/11/25 - 2016/12/01)
"
"Mégie, Marie-Françoise","Senator (2016/11/25 - )
","Rougemont (2016/11/25 - )
","Quebec
",F,"Independent Senators Group (2017/06/01 - )
Non-affiliated (Independent Senators Group) (2016/12/02 - 2017/05/31)
Non-affiliated (2016/11/25 - 2016/12/01)
"
"Saint-Germain, Raymonde","Senator (2016/11/25 - )
","De la Vallière (2016/11/25 - )
","Quebec
",F,"Independent Senators Group (2017/06/01 - )
Non-affiliated (Independent Senators Group) (2016/12/02 - 2017/05/31)
Non-affiliated (2016/11/25 - 2016/12/01)
"
"Forest, Éric","Senator (2016/11/21 - )
","Gulf (2016/11/21 - )
","Quebec
",M,"Independent Senators Group (2017/06/01 - )
Non-affiliated (Independent Senators Group) (2016/12/02 - 2017/05/31)
Non-affiliated (2016/11/21 - 2016/12/01)
"
"Bernard, Wanda Thomas","Senator (2016/11/10 - )
","Nova Scotia (East Preston) (2016/11/24 - )
Nova Scotia (2016/11/10 - 2016/11/23)
","Nova Scotia
Nova Scotia
",F,"Progressive Senate Group (2020/07/08 - )
Independent Senators Group (2017/06/01 - 2020/07/07)
Non-affiliated (Independent Senators Group) (2017/03/30 - 2017/05/31)
Non-affiliated (2016/11/10 - 2017/03/29)
"
"Boniface, Gwen","Senator (2016/11/10 - )
","Ontario (2016/11/10 - )
","Ontario
",F,"Independent Senators Group (2017/06/01 - )
Non-affiliated (Independent Senators Group) (2016/12/02 - 2017/05/31)
Non-affiliated (2016/11/10 - 2016/12/01)
"
"Bovey, Patricia E.","Senator (2016/11/10 - )
","Manitoba (2016/11/10 - )
","Manitoba
",F,"Progressive Senate Group (2020/05/21 - )
Non-affiliated (2020/05/08 - 2020/05/20)
Independent Senators Group (2017/06/01 - 2020/05/07)
Non-affiliated (Independent Senators Group) (2016/12/02 - 2017/05/31)
Non-affiliated (2016/11/10 - 2016/12/01)
"
"Cormier, René","Senator (2016/11/10 - )
","New Brunswick (2016/11/10 - )
","New Brunswick
",M,"Independent Senators Group (2017/06/01 - )
Non-affiliated (Independent Senators Group) (2016/12/02 - 2017/05/31)
Non-affiliated (2016/11/10 - 2016/12/01)
"
"Dean, Tony","Senator (2016/11/10 - )
","Ontario (2016/11/10 - )
","Ontario
",M,"Independent Senators Group (2017/06/01 - )
Non-affiliated (Independent Senators Group) (2016/12/02 - 2017/05/31)
Non-affiliated (2016/11/10 - 2016/12/01)
"
"Dupuis, Renée","Senator (2016/11/10 - )
","The Laurentides (2016/11/10 - )
","Quebec
",F,"Independent Senators Group (2017/06/01 - )
Non-affiliated (Independent Senators Group) (2016/12/02 - 2017/05/31)
Non-affiliated (2016/11/10 - 2016/12/01)
"
"Griffin, Diane","Senator (2016/11/10 - )
","Prince Edward Island (2016/11/10 - )
","Prince Edward Island
",F,"Canadian Senators Group (2019/11/04 - )
Independent Senators Group (2017/06/01 - 2019/11/03)
Non-affiliated (Independent Senators Group) (2016/12/02 - 2017/05/31)
Non-affiliated (2016/11/10 - 2016/12/01)
"
"Hartling, Nancy","Senator (2016/11/10 - )
","New Brunswick (2016/11/10 - )
","New Brunswick
",F,"Independent Senators Group (2017/06/01 - )
Non-affiliated (Independent Senators Group) (2016/12/02 - 2017/05/31)
Non-affiliated (2016/11/10 - 2016/12/01)
"
"Marwah, Sarabjit S.","Senator (2016/11/10 - )
","Ontario (2016/11/10 - )
","Ontario
",M,"Independent Senators Group (2017/06/01 - )
Non-affiliated (Independent Senators Group) (2016/12/02 - 2017/05/31)
Non-affiliated (2016/11/10 - 2016/12/01)
"
"McPhedran, Marilou","Senator (2016/11/10 - )
","Manitoba (2016/11/10 - )
","Manitoba
",F,"Independent Senators Group (2017/06/01 - )
Non-affiliated (Independent Senators Group) (2016/12/02 - 2017/05/31)
Non-affiliated (2016/11/10 - 2016/12/01)
"
"Moncion, Lucie","Senator (2016/11/10 - )
","Ontario (2016/11/10 - )
","Ontario
",F,"Independent Senators Group (2017/06/01 - )
Non-affiliated (Independent Senators Group) (2016/12/02 - 2017/05/31)
Non-affiliated (2016/11/10 - 2016/12/01)
"
"Pate, Kim","Senator (2016/11/10 - )
","Ontario (2016/11/10 - )
","Ontario
",F,"Independent Senators Group (2017/06/02 - )
Non-affiliated (Independent Senators Group) (2016/12/02 - 2017/05/31)
Non-affiliated (2016/11/10 - 2016/12/01)
"
"Wetston, Howard","Senator (2016/11/10 - )
","Ontario (2016/11/10 - )
","Ontario
",M,"Independent Senators Group (2017/06/01 - )
Non-affiliated (Independent Senators Group) (2016/12/02 - 2017/05/31)
Non-affiliated (2016/11/10 - 2016/12/01)
"
"Woo, Yuen Pau","Senator (2016/11/10 - )
","British Columbia (2016/11/10 - )
","British Columbia
",M,"Independent Senators Group (2017/06/01 - )
Non-affiliated (Independent Senators Group) (2016/12/02 - 2017/05/31)
Non-affiliated (2016/11/10 - 2016/12/01)
"
"Sinclair, Murray","Senator (2016/04/02 - 2021/01/31)
","Manitoba (2016/04/02 - 2021/01/31)
","Manitoba
",M,"Independent Senators Group (2017/06/01 - 2021/01/31)
Non-affiliated (Independent Senators Group) (2016/12/02 - 2017/05/31)
Non-affiliated (2016/06/13 - 2016/12/01)
Independent (2016/04/02 - 2016/06/12)
"
"Gagné, Raymonde","Senator (2016/04/01 - )
","Manitoba (2016/04/01 - )
","Manitoba
",F,"Non-affiliated (2017/06/01 - )
Non-affiliated (Independent Senators Group) (2016/12/02 - 2017/05/31)
Non-affiliated (2016/06/13 - 2016/12/01)
Independent (2016/04/01 - 2016/06/12)
"
"Lankin, Frances","Senator (2016/04/01 - )
","Ontario (2016/04/01 - )
","Ontario
",F,"Independent Senators Group (2017/06/01 - )
Non-affiliated (Independent Senators Group) (2016/12/02 - 2017/05/31)
Non-affiliated (2016/06/13 - 2016/12/01)
Independent (2016/04/01 - 2016/06/12)
"
"Omidvar, Ratna","Senator (2016/04/01 - )
","Ontario (2016/04/01 - )
","Ontario
",F,"Independent Senators Group (2017/06/01 - )
Non-affiliated (Independent Senators Group) (2016/12/02 - 2017/05/31)
Non-affiliated (2016/06/13 - 2016/12/01)
Independent (2016/04/01 - 2016/06/12)
"
"Petitclerc, Chantal","Senator (2016/04/01 - )
","Grandville (2016/04/01 - )
","Quebec
",F,"Independent Senators Group (2017/06/01 - )
Non-affiliated (Independent Senators Group) (2016/12/02 - 2017/05/31)
Non-affiliated (2016/06/13 - 2016/12/01)
Independent (2016/04/01 - 2016/06/12)
"
"Harder, Peter","Senator (2016/03/23 - )
","Ontario (2016/03/23 - )
","Ontario
",M,"Progressive Senate Group (2020/05/21 - )
Non-affiliated (2016/06/13 - 2020/05/20)
Independent (2016/03/23 - 2016/06/12)
"
"Tannas, Scott","Senator (2013/03/25 - )
","Alberta (2013/03/25 - )
","Alberta
",M,"Canadian Senators Group (2019/11/04 - )
Conservative Party of Canada (2013/03/25 - 2019/11/03)
"
"Beyak, Lynn","Senator (2013/01/25 - 2021/01/25)
","Ontario (2013/01/25 - 2021/01/25)
","Ontario
",F,"Non-affiliated (2018/01/05 - 2021/01/25)
Conservative Party of Canada (2013/01/25 - 2018/01/04)
"
"Batters, Denise","Senator (2013/01/25 - )
","Saskatchewan (2013/01/25 - )
","Saskatchewan
",F,"Conservative Party of Canada (2013/01/25 - )
"
"Black, Douglas","Senator (2013/01/25 - )
","Alberta (2013/01/25 - )
","Alberta
",M,"Canadian Senators Group (2019/11/04 - )
Independent Senators Group (2017/06/01 - 2019/11/03)
Non-affiliated (Independent Senators Group) (2016/12/02 - 2017/05/31)
Non-affiliated (2016/07/14 - 2016/12/01)
Conservative Party of Canada (2013/01/25 - 2016/07/13)
"
"Oh, Victor","Senator (2013/01/25 - )
","Mississauga (2013/01/25 - )
","Ontario
",M,"Conservative Party of Canada (2013/01/25 - )
"
"Wells, David M.","Senator (2013/01/25 - )
","Newfoundland and Labrador (2013/01/25 - )
","Newfoundland and Labrador
",M,"Conservative Party of Canada (2013/01/25 - )
"
"McInnis, Tom","Senator (2012/09/06 - 2020/04/08)
","Nova Scotia (2012/09/06 - 2020/04/08)
","Nova Scotia
",M,"Conservative Party of Canada (2012/09/06 - 2020/04/08)
"
"Bellemare, Diane","Senator (2012/09/06 - )
","Alma (2012/09/06 - )
","Quebec
",F,"Independent Senators Group (2019/11/14 - )
Non-affiliated (2016/06/13 - 2019/11/13)
Independent (2016/03/08 - 2016/06/12)
Conservative Party of Canada (2012/09/06 - 2016/03/07)
"
"Ngo, Thanh Hai","Senator (2012/09/06 - )
","Ontario (2012/09/06 - )
","Ontario
",M,"Conservative Party of Canada (2012/09/06 - )
"
"White, Vernon","Senator (2012/02/20 - )
","Ontario (2012/02/20 - )
","Ontario
",M,"Canadian Senators Group (2019/11/04 - )
Conservative Party of Canada (2012/02/20 - 2019/11/03)
"
"Dagenais, Jean-Guy","Senator (2012/01/17 - )
","Victoria (2012/01/17 - )
","Quebec
",M,"Canadian Senators Group (2019/11/18 - )
Conservative Party of Canada (2012/01/17 - 2019/11/17)
"
"Smith, Larry W.","Senator (2011/05/25 - )
Senator (2010/12/18 - 2011/03/25)
","Saurel (2011/05/25 - )
Saurel (2010/12/18 - 2011/03/25)
","Quebec
Quebec
",M,"Conservative Party of Canada (2011/05/25 - )
Conservative Party of Canada (2010/12/18 - 2011/03/25)
"
"Ataullahjan, Salma","Senator (2010/07/09 - )
","Toronto (2010/07/09 - )
","Ontario
",F,"Conservative Party of Canada (2010/07/09 - )
"
"Poirier, Rose-May","Senator (2010/02/28 - )
","Saint-Louis-de-Kent (2010/02/28 - )
","New Brunswick
",F,"Conservative Party of Canada (2010/02/28 - )
"
"Boisvenu, Pierre-Hugues","Senator (2010/01/29 - )
","La Salle (2010/01/29 - )
","Quebec
",M,"Conservative Party of Canada (2016/11/22 - )
Non-affiliated (2016/06/13 - 2016/11/21)
Independent (2015/06/04 - 2016/06/12)
Conservative Party of Canada (2010/01/29 - 2015/06/03)
"
"Marshall, Elizabeth","Senator (2010/01/29 - )
","Newfoundland and Labrador (2010/01/29 - )
","Newfoundland and Labrador
",F,"Conservative Party of Canada (2010/01/29 - )
"
"Frum, Linda","Senator (2009/08/27 - 2021/08/27)
","Ontario (2009/08/27 - 2021/08/27)
","Ontario
",F,"Conservative Party of Canada (2009/08/27 - 2021/08/27)
"
"Stewart Olsen, Carolyn","Senator (2009/08/27 - 2021/07/26)
","New Brunswick (2009/08/27 - 2021/07/26)
","New Brunswick
",F,"Conservative Party of Canada (2009/08/27 - 2021/07/26)
"
"Carignan, Claude","Senator (2009/08/27 - )
","Mille Isles (2009/08/27 - )
","Quebec
",M,"Conservative Party of Canada (2009/08/27 - )
"
"Patterson, Dennis Glen","Senator (2009/08/27 - )
","Nunavut (2009/08/27 - )
","Nunavut
",M,"Conservative Party of Canada (2009/08/27 - )
"
"Plett, Donald Neil","Senator (2009/08/27 - )
","Landmark (2009/08/27 - )
","Manitoba
",M,"Conservative Party of Canada (2009/08/27 - )
"
"Seidman, Judith","Senator (2009/08/27 - )
","De la Durantaye (2009/08/27 - )
","Quebec
",F,"Conservative Party of Canada (2009/08/27 - )
"
"Brazeau, Patrick","Senator (2009/01/08 - )
","Repentigny (2009/01/08 - )
","Quebec
",M,"Non-affiliated (2020/09/11 - )
Independent Senators Group (2017/06/01 - 2020/09/10)
Non-affiliated (Independent Senators Group) (2016/12/02 - 2017/05/31)
Non-affiliated (2016/06/13 - 2016/12/01)
Independent (2013/02/07 - 2016/06/12)
Conservative Party of Canada (2009/01/08 - 2013/02/06)
"
"Housakos, Leo","Senator (2009/01/08 - )
","Wellington (2009/01/08 - )
","Quebec
",M,"Conservative Party of Canada (2009/01/08 - )
"
"Duffy, Michael","Senator (2009/01/02 - 2021/05/26)
","Prince Edward Island (2009/01/02 - 2021/05/26)
","Prince Edward Island
",M,"Independent Senators Group (2017/06/01 - 2021/05/26)
Non-affiliated (Independent Senators Group) (2016/12/02 - 2017/05/31)
Non-affiliated (2016/06/13 - 2016/12/01)
Independent (2013/05/16 - 2016/06/12)
Conservative Party of Canada (2009/01/02 - 2013/05/15)
"
"Eaton, Nicole","Senator (2009/01/02 - 2020/01/20)
","Ontario (2009/01/02 - 2020/01/20)
","Ontario
",F,"Conservative Party of Canada (2009/01/02 - 2020/01/20)
"
"Greene, Stephen","Senator (2009/01/02 - )
","Halifax - The Citadel (2009/01/02 - )
","Nova Scotia
",M,"Canadian Senators Group (2019/11/04 - )
Independent Senators Group (2017/10/24 - 2019/11/03)
Non-affiliated (2017/06/01 - 2017/10/23)
Non-affiliated (Independent Reform) (2017/05/16 - 2017/05/31)
Conservative Party of Canada (2009/01/02 - 2017/05/15)
"
"MacDonald, Michael L.","Senator (2009/01/02 - )
","Cape Breton (2009/01/02 - )
","Nova Scotia
",M,"Conservative Party of Canada (2009/01/02 - )
"
"Martin, Yonah","Senator (2009/01/02 - )
","British Columbia (2009/01/02 - )
","British Columbia
",F,"Conservative Party of Canada (2009/01/02 - )
"
"Mockler, Percy","Senator (2009/01/02 - )
","New Brunswick (2009/01/02 - )
","New Brunswick
",M,"Conservative Party of Canada (2009/01/02 - )
"
"Wallin, Pamela","Senator (2009/01/02 - )
","Saskatchewan (2009/01/02 - )
","Saskatchewan
",F,"Canadian Senators Group (2019/11/04 - )
Independent Senators Group (2017/06/01 - 2019/11/03)
Non-affiliated (Independent Senators Group) (2016/12/02 - 2017/05/31)
Non-affiliated (2016/06/13 - 2016/12/01)
Independent (2013/05/17 - 2016/06/12)
Conservative Party of Canada (2009/01/02 - 2013/05/16)
"
"Lovelace Nicholas, Sandra","Senator (2005/09/21 - )
","New Brunswick (2005/09/21 - )
","New Brunswick
",F,"Progressive Senate Group (2020/05/21 - )
Non-affiliated (2019/11/18 - 2020/05/20)
Progressive Senate Group (2019-2019) (2019/11/14 - 2019/11/17)
Liberal Party of Canada (2005/09/21 - 2019/11/13)
"
"Campbell, Larry W.","Senator (2005/08/02 - )
","British Columbia (2005/08/02 - )
","British Columbia
",M,"Canadian Senators Group (2019/11/04 - )
Independent Senators Group (2017/06/02 - 2019/11/03)
Non-affiliated (Independent Senators Group) (2016/12/02 - 2017/05/31)
Non-affiliated (2016/06/13 - 2016/12/01)
Independent (2016/04/06 - 2016/06/12)
Liberal Party of Canada (2005/08/02 - 2016/04/05)
"
"McCoy, Elaine","Senator (2005/03/24 - 2020/12/29)
","Alberta (2005/03/24 - 2020/12/29)
","Alberta
",F,"Canadian Senators Group (2019/11/04 - 2020/12/29)
Independent Senators Group (2017/05/31 - 2019/11/03)
Non-affiliated (Independent Senators Group) (2016/12/02 - 2017/05/31)
Non-affiliated (2016/06/13 - 2016/12/01)
Independent (2016/02/17 - 2016/06/12)
Independent Progressive Conservative (2013/02/11 - 2016/02/16)
Progressive Conservative Party (2005/03/24 - 2013/02/10)
"
"Dyck, Lillian Eva","Senator (2005/03/24 - 2020/08/23)
","Saskatchewan (2005/03/24 - 2020/08/23)
","Saskatchewan
",F,"Progressive Senate Group (2020/05/21 - 2020/08/23)
Non-affiliated (2019/11/18 - 2020/05/20)
Progressive Senate Group (2019-2019) (2019/11/14 - 2019/11/17)
Liberal Party of Canada (2009/01/15 - 2019/11/13)
Independent New Democratic Party (2006/10/31 - 2009/01/14)
New Democratic Party (2005/03/24 - 2006/10/30)
"
"Mitchell, Grant","Senator (2005/03/24 - 2020/04/24)
","Alberta (2005/03/24 - 2020/04/24)
","Alberta
",M,"Non-affiliated (2016/06/13 - 2020/04/24)
Independent (2016/05/02 - 2016/06/12)
Liberal Party of Canada (2005/03/24 - 2016/05/01)
"
"Munson, Jim","Senator (2003/12/10 - 2021/07/13)
","Ottawa / Rideau Canal (2003/12/10 - 2021/07/13)
","Ontario
",M,"Progressive Senate Group (2020/05/21 - 2021/07/13)
Non-affiliated (2019/11/18 - 2020/05/20)
Progressive Senate Group (2019-2019) (2019/11/14 - 2019/11/17)
Liberal Party of Canada (2003/12/10 - 2019/11/13)
"
"Mercer, Terry M.","Senator (2003/11/07 - )
","Northend Halifax (2003/11/07 - )
","Nova Scotia
",M,"Progressive Senate Group (2020/05/21 - )
Non-affiliated (2019/11/18 - 2020/05/20)
Progressive Senate Group (2019-2019) (2019/11/14 - 2019/11/17)
Liberal Party of Canada (2003/11/07 - 2019/11/13)
"
"Downe, Percy E.","Senator (2003/06/26 - )
","Charlottetown (2003/06/26 - )
","Prince Edward Island
",M,"Canadian Senators Group (2019/11/18 - )
Progressive Senate Group (2019-2019) (2019/11/14 - 2019/11/17)
Liberal Party of Canada (2003/06/26 - 2019/11/13)
"
"Massicotte, Paul J.","Senator (2003/06/26 - )
","De Lanaudière (2003/06/26 - )
","Quebec
",M,"Independent Senators Group (2017/10/30 - )
Liberal Party of Canada (2003/06/26 - 2017/10/29)
"
"Day, Joseph A.","Senator (2001/10/04 - 2020/01/23)
","Saint John - Kennebecasis (2001/10/04 - 2020/01/23)
","New Brunswick
",M,"Non-affiliated (2019/11/18 - 2020/01/23)
Progressive Senate Group (2019-2019) (2019/11/14 - 2019/11/17)
Liberal Party of Canada (2001/10/04 - 2019/11/13)
"
"Jaffer, Mobina S.B.","Senator (2001/06/13 - )
","British Columbia (2001/06/13 - )
","British Columbia
",F,"Independent Senators Group (2019/06/12 - )
Non-affiliated (2018/12/19 - 2019/06/11)
Liberal Party of Canada (2001/06/13 - 2018/12/18)
"
"Cordy, Jane","Senator (2000/06/09 - )
","Nova Scotia (2000/06/09 - )
","Nova Scotia
",F,"Progressive Senate Group (2020/05/21 - )
Non-affiliated (2019/11/18 - 2020/05/20)
Progressive Senate Group (2019-2019) (2019/11/14 - 2019/11/17)
Liberal Party of Canada (2000/06/09 - 2019/11/13)
"
"Furey, George J.","Senator (1999/08/11 - )
","Newfoundland and Labrador (1999/08/11 - )
","Newfoundland and Labrador
",M,"Non-affiliated (2016/06/13 - )
Independent (2015/12/07 - 2016/06/12)
Liberal Party of Canada (1999/08/11 - 2015/12/06)
"
"Tkachuk, David","Senator (1993/06/08 - 2020/02/17)
","Saskatchewan (1993/06/08 - 2020/02/17)
","Saskatchewan
",M,"Conservative Party of Canada (2004/02/02 - )
Progressive Conservative Party (1993/06/08 - 2004/02/01)
"
"Ien, Marci","MP (2020/10/26 - )
","Toronto Centre (2020/10/26 - )
","Ontario
",F,"Liberal Party of Canada (2020/09/17 - )
"
"Saks, Ya'ara","MP (2020/10/26 - )
","York Centre (2020/10/26 - )
","Ontario
",F,"Liberal Party of Canada (2020/10/26 - )
"
"Findlay, Kerry-Lynne D.","MP (2019/10/21 - )
MP (2011/05/02 - 2015/10/18)
","South Surrey--White Rock (2019/10/21 - )
Delta--Richmond East (2011/05/02 - 2015/10/18)
","British Columbia
British Columbia
",F,"Conservative Party of Canada (2019/10/21 - )
Conservative Party of Canada (2011/05/02 - 2015/10/18)
"
"Seeback, Kyle","MP (2019/10/21 - )
MP (2011/05/02 - 2015/10/18)
","Dufferin--Caledon (2019/10/21 - )
Brampton West (2011/05/02 - 2015/10/18)
","Ontario
Ontario
",M,"Conservative Party of Canada (2019/10/21 - )
Conservative Party of Canada (2011/05/02 - 2015/10/18)
"
"Williamson, John","MP (2019/10/21 - )
MP (2011/05/02 - 2015/10/18)
","New Brunswick Southwest (2019/10/21 - )
New Brunswick Southwest (2011/05/02 - 2015/10/18)
","New Brunswick
New Brunswick
",M,"Conservative Party of Canada (2019/10/21 - )
Conservative Party of Canada (2011/05/02 - 2015/10/18)
"
"Harris, Jack","MP (2019/10/21 - )
MP (2008/10/14 - 2015/10/18)
MP (1987/07/20 - 1988/11/20)
","St. John's East (2019/10/21 - )
St. John's East (2008/10/14 - 2015/10/18)
St. John's East (1987/07/20 - 1988/11/20)
","Newfoundland and Labrador
Newfoundland and Labrador
Newfoundland and Labrador
",M,"New Democratic Party (2019/10/21 - )
New Democratic Party (2008/10/14 - 2015/10/18)
New Democratic Party (1987/07/20 - 1988/11/20)
"
"Uppal, Tim","MP (2019/10/21 - )
MP (2008/10/14 - 2015/10/18)
","Edmonton Mill Woods (2019/10/21 - )
Edmonton--Sherwood Park (2008/10/14 - 2015/10/18)
","Alberta
Alberta
",M,"Conservative Party of Canada (2019/10/21 - )
Conservative Party of Canada (2008/10/14 - 2015/10/18)
"
"DeBellefeuille, Claude","MP (2019/10/21 - )
MP (2006/01/23 - 2011/05/01)
","Salaberry--Suroît (2019/10/21 - )
Beauharnois--Salaberry (2006/01/23 - 2011/05/01)
","Quebec
Quebec
",F,"Bloc Québécois (2019/10/21 - )
Bloc Québécois (2006/01/23 - 2011/05/01)
"
"Moore, Rob","MP (2019/10/21 - )
MP (2004/09/01 - 2015/10/18)
MP (2004/06/28 - 2004/08/31)
","Fundy Royal (2019/10/21 - )
Fundy Royal (2004/09/01 - 2015/10/18)
Fundy (2004/06/28 - 2004/08/31)
","New Brunswick
New Brunswick
New Brunswick
",M,"Conservative Party of Canada (2019/10/21 - )
Conservative Party of Canada (2004/06/28 - 2015/10/18)
"
"Bergeron, Stéphane","MP (2019/10/21 - )
MP (1998/06/18 - 2005/11/09)
MP (1993/10/25 - 1998/06/17)
","Montarville (2019/10/21 - )
Verchères--Les Patriotes (1998/06/18 - 2005/11/09)
Verchères (1993/10/25 - 1998/06/17)
","Quebec
Quebec
Quebec
",M,"Bloc Québécois (2019/10/21 - )
Bloc Québécois (1993/10/25 - 2005/11/09)
"
"Aitchison, Scott","MP (2019/10/21 - )
","Parry Sound--Muskoka (2019/10/21 - )
","Ontario
",M,"Conservative Party of Canada (2019/10/21 - )
"
"Anand, Anita","MP (2019/10/21 - )
","Oakville (2019/10/21 - )
","Ontario
",F,"Liberal Party of Canada (2019/10/21 - )
"
"Atwin, Jenica","MP (2019/10/21 - )
","Fredericton (2019/10/21 - )
","New Brunswick
",F,"Liberal Party of Canada (2021/06/10 - )
Green Party of Canada (2019/10/21 - 2021/06/09)
"
"Bachrach, Taylor","MP (2019/10/21 - )
","Skeena--Bulkley Valley (2019/10/21 - )
","British Columbia
",M,"New Democratic Party (2019/10/21 - )
"
"Baker, Yvan","MP (2019/10/21 - )
","Etobicoke Centre (2019/10/21 - )
","Ontario
",M,"Liberal Party of Canada (2019/10/21 - )
"
"Baldinelli, Tony","MP (2019/10/21 - )
","Niagara Falls (2019/10/21 - )
","Ontario
",M,"Conservative Party of Canada (2019/10/21 - )
"
"Battiste, Jaime","MP (2019/10/21 - )
","Sydney--Victoria (2019/10/21 - )
","Nova Scotia
",M,"Liberal Party of Canada (2019/10/21 - )
"
"Bérubé, Sylvie","MP (2019/10/21 - )
","Abitibi--Baie-James--Nunavik--Eeyou (2019/10/21 - )
","Quebec
",F,"Bloc Québécois (2019/10/21 - )
"
"Bessette, Lyne","MP (2019/10/21 - )
","Brome--Missisquoi (2019/10/21 - )
","Quebec
",F,"Liberal Party of Canada (2019/10/21 - )
"
"Blanchet, Yves-François","MP (2019/10/21 - )
","Beloeil--Chambly (2019/10/21 - )
","Quebec
",M,"Bloc Québécois (2019/10/21 - )
"
"Blanchette-Joncas, Maxime","MP (2019/10/21 - )
","Rimouski-Neigette--Témiscouata--Les Basques (2019/10/21 - )
","Quebec
",M,"Bloc Québécois (2019/10/21 - )
"
"Blois, Kody","MP (2019/10/21 - )
","Kings--Hants (2019/10/21 - )
","Nova Scotia
",M,"Liberal Party of Canada (2019/10/21 - )
"
"Bragdon, Richard","MP (2019/10/21 - )
","Tobique--Mactaquac (2019/10/21 - )
","New Brunswick
",M,"Conservative Party of Canada (2019/10/21 - )
"
"Brière, Élisabeth","MP (2019/10/21 - )
","Sherbrooke (2019/10/21 - )
","Quebec
",F,"Liberal Party of Canada (2019/10/21 - )
"
"Brunelle-Duceppe, Alexis","MP (2019/10/21 - )
","Lac-Saint-Jean (2019/10/21 - )
","Quebec
",M,"Bloc Québécois (2019/10/21 - )
"
"Chabot, Louise","MP (2019/10/21 - )
","Thérèse-De Blainville (2019/10/21 - )
","Quebec
",F,"Bloc Québécois (2019/10/21 - )
"
"Champoux, Martin","MP (2019/10/21 - )
","Drummond (2019/10/21 - )
","Quebec
",M,"Bloc Québécois (2019/10/21 - )
"
"Charbonneau, Louise","MP (2019/10/21 - )
","Trois-Rivières (2019/10/21 - )
","Quebec
",F,"Bloc Québécois (2019/10/21 - )
"
"Chiu, Kenny","MP (2019/10/21 - )
","Steveston--Richmond East (2019/10/21 - )
","British Columbia
",M,"Conservative Party of Canada (2019/10/21 - )
"
"Collins, Laurel","MP (2019/10/21 - )
","Victoria (2019/10/21 - )
","British Columbia
",F,"New Democratic Party (2019/10/21 - )
"
"Cumming, James","MP (2019/10/21 - )
","Edmonton Centre (2019/10/21 - )
","Alberta
",M,"Conservative Party of Canada (2019/10/21 - )
"
"d'Entremont, Chris","MP (2019/10/21 - )
","West Nova (2019/10/21 - )
","Nova Scotia
",M,"Conservative Party of Canada (2019/10/21 - )
"
"Dalton, Marc","MP (2019/10/21 - )
","Pitt Meadows--Maple Ridge (2019/10/21 - )
","British Columbia
",M,"Conservative Party of Canada (2019/10/21 - )
"
"Dancho, Raquel","MP (2019/10/21 - )
","Kildonan--St. Paul (2019/10/21 - )
","Manitoba
",F,"Conservative Party of Canada (2019/10/21 - )
"
"Desbiens, Caroline","MP (2019/10/21 - )
","Beauport--Côte-de-Beaupré--Île D’Orléans--Charlevoix (2019/10/21 - )
","Quebec
",F,"Bloc Québécois (2019/10/21 - )
"
"Desilets, Luc","MP (2019/10/21 - )
","Rivière-des-Mille-Îles (2019/10/21 - )
","Quebec
",M,"Bloc Québécois (2019/10/21 - )
"
"Dong, Han","MP (2019/10/21 - )
","Don Valley North (2019/10/21 - )
","Ontario
",M,"Liberal Party of Canada (2019/10/21 - )
"
"Dowdall, Terry","MP (2019/10/21 - )
","Simcoe--Grey (2019/10/21 - )
","Ontario
",M,"Conservative Party of Canada (2019/10/21 - )
"
"Duncan, Eric","MP (2019/10/21 - )
","Stormont--Dundas--South Glengarry (2019/10/21 - )
","Ontario
",M,"Conservative Party of Canada (2019/10/21 - )
"
"Epp, Dave","MP (2019/10/21 - )
","Chatham-Kent--Leamington (2019/10/21 - )
","Ontario
",M,"Conservative Party of Canada (2019/10/21 - )
"
"Gaudreau, Marie-Hélène","MP (2019/10/21 - )
","Laurentides--Labelle (2019/10/21 - )
","Quebec
",F,"Bloc Québécois (2019/10/21 - )
"
"Gazan, Leah","MP (2019/10/21 - )
","Winnipeg Centre (2019/10/21 - )
","Manitoba
",F,"New Democratic Party (2019/10/21 - )
"
"Gray, Tracy","MP (2019/10/21 - )
","Kelowna--Lake Country (2019/10/21 - )
","British Columbia
",F,"Conservative Party of Canada (2019/10/21 - )
"
"Green, Matthew","MP (2019/10/21 - )
","Hamilton Centre (2019/10/21 - )
","Ontario
",M,"New Democratic Party (2019/10/21 - )
"
"Guilbeault, Steven","MP (2019/10/21 - )
","Laurier--Sainte-Marie (2019/10/21 - )
","Quebec
",M,"Liberal Party of Canada (2019/10/21 - )
"
"Hallan, Jasraj Singh","MP (2019/10/21 - )
","Calgary Forest Lawn (2019/10/21 - )
","Alberta
",M,"Conservative Party of Canada (2019/10/21 - )
"
"Jaczek, Helena","MP (2019/10/21 - )
","Markham--Stouffville (2019/10/21 - )
","Ontario
",F,"Liberal Party of Canada (2019/10/21 - )
"
"Jansen, Tamara","MP (2019/10/21 - )
","Cloverdale--Langley City (2019/10/21 - )
","British Columbia
",F,"Conservative Party of Canada (2019/10/21 - )
"
"Kelloway, Mike","MP (2019/10/21 - )
","Cape Breton--Canso (2019/10/21 - )
","Nova Scotia
",M,"Liberal Party of Canada (2019/10/21 - )
"
"Koutrakis, Annie","MP (2019/10/21 - )
","Vimy (2019/10/21 - )
","Quebec
",F,"Liberal Party of Canada (2019/10/21 - )
"
"Kram, Michael","MP (2019/10/21 - )
","Regina--Wascana (2019/10/21 - )
","Saskatchewan
",M,"Conservative Party of Canada (2019/10/21 - )
"
"Kurek, Damien C.","MP (2019/10/21 - )
","Battle River--Crowfoot (2019/10/21 - )
","Alberta
",M,"Conservative Party of Canada (2019/10/21 - )
"
"Kusmierczyk, Irek","MP (2019/10/21 - )
","Windsor--Tecumseh (2019/10/21 - )
","Ontario
",M,"Liberal Party of Canada (2019/10/21 - )
"
"Lalonde, Marie-France","MP (2019/10/21 - )
","Orléans (2019/10/21 - )
","Ontario
",F,"Liberal Party of Canada (2019/10/21 - )
"
"Larouche, Andréanne","MP (2019/10/21 - )
","Shefford (2019/10/21 - )
","Quebec
",F,"Bloc Québécois (2019/10/21 - )
"
"Lattanzio, Patricia","MP (2019/10/21 - )
","Saint-Léonard--Saint-Michel (2019/10/21 - )
","Quebec
",F,"Liberal Party of Canada (2019/10/21 - )
"
"Lawrence, Philip","MP (2019/10/21 - )
","Northumberland--Peterborough South (2019/10/21 - )
","Ontario
",M,"Conservative Party of Canada (2019/10/21 - )
"
"Lehoux, Richard","MP (2019/10/21 - )
","Beauce (2019/10/21 - )
","Quebec
",M,"Conservative Party of Canada (2019/10/21 - )
"
"Lemire, Sébastien","MP (2019/10/21 - )
","Abitibi--Témiscamingue (2019/10/21 - )
","Quebec
",M,"Bloc Québécois (2019/10/21 - )
"
"Lewis, Chris","MP (2019/10/21 - )
","Essex (2019/10/21 - )
","Ontario
",M,"Conservative Party of Canada (2019/10/21 - )
"
"Louis, Tim","MP (2019/10/21 - )
","Kitchener--Conestoga (2019/10/21 - )
","Ontario
",M,"Liberal Party of Canada (2019/10/21 - )
"
"Martinez Ferrada, Soraya","MP (2019/10/21 - )
","Hochelaga (2019/10/21 - )
","Quebec
",F,"Liberal Party of Canada (2019/10/21 - )
"
"Mathyssen, Lindsay","MP (2019/10/21 - )
","London--Fanshawe (2019/10/21 - )
","Ontario
",F,"New Democratic Party (2019/10/21 - )
"
"Mazier, Dan","MP (2019/10/21 - )
","Dauphin--Swan River--Neepawa (2019/10/21 - )
","Manitoba
",M,"Conservative Party of Canada (2019/10/21 - )
"
"McLean, Greg","MP (2019/10/21 - )
","Calgary Centre (2019/10/21 - )
","Alberta
",M,"Conservative Party of Canada (2019/10/21 - )
"
"McPherson, Heather","MP (2019/10/21 - )
","Edmonton Strathcona (2019/10/21 - )
","Alberta
",F,"New Democratic Party (2019/10/21 - )
"
"Melillo, Eric","MP (2019/10/21 - )
","Kenora (2019/10/21 - )
","Ontario
",M,"Conservative Party of Canada (2019/10/21 - )
"
"Michaud, Kristina","MP (2019/10/21 - )
","Avignon--La Mitis--Matane--Matapédia (2019/10/21 - )
","Quebec
",F,"Bloc Québécois (2019/10/21 - )
"
"Morantz, Marty","MP (2019/10/21 - )
","Charleswood--St. James--Assiniboia--Headingley (2019/10/21 - )
","Manitoba
",M,"Conservative Party of Canada (2019/10/21 - )
"
"Morrison, Rob","MP (2019/10/21 - )
","Kootenay--Columbia (2019/10/21 - )
","British Columbia
",M,"Conservative Party of Canada (2019/10/21 - )
"
"Normandin, Christine","MP (2019/10/21 - )
","Saint-Jean (2019/10/21 - )
","Quebec
",F,"Bloc Québécois (2019/10/21 - )
"
"Patzer, Jeremy","MP (2019/10/21 - )
","Cypress Hills--Grasslands (2019/10/21 - )
","Saskatchewan
",M,"Conservative Party of Canada (2019/10/21 - )
"
"Perron, Yves","MP (2019/10/21 - )
","Berthier--Maskinongé (2019/10/21 - )
","Quebec
",M,"Bloc Québécois (2019/10/21 - )
"
"Powlowski, Marcus","MP (2019/10/21 - )
","Thunder Bay--Rainy River (2019/10/21 - )
","Ontario
",M,"Liberal Party of Canada (2019/10/21 - )
"
"Qaqqaq, Mumilaaq","MP (2019/10/21 - )
","Nunavut (2019/10/21 - )
","Nunavut
",F,"New Democratic Party (2019/10/21 - )
"
"Redekopp, Brad","MP (2019/10/21 - )
","Saskatoon West (2019/10/21 - )
","Saskatchewan
",M,"Conservative Party of Canada (2019/10/21 - )
"
"Rood, Lianne","MP (2019/10/21 - )
","Lambton--Kent--Middlesex (2019/10/21 - )
","Ontario
",F,"Conservative Party of Canada (2019/10/21 - )
"
"Ruff, Alex","MP (2019/10/21 - )
","Bruce--Grey--Owen Sound (2019/10/21 - )
","Ontario
",M,"Conservative Party of Canada (2019/10/21 - )
"
"Sahota, Jag","MP (2019/10/21 - )
","Calgary Skyview (2019/10/21 - )
","Alberta
",F,"Conservative Party of Canada (2019/10/21 - )
"
"Savard-Tremblay, Simon-Pierre","MP (2019/10/21 - )
","Saint-Hyacinthe--Bagot (2019/10/21 - )
","Quebec
",M,"Bloc Québécois (2019/10/21 - )
"
"Shin, Nelly","MP (2019/10/21 - )
","Port Moody--Coquitlam (2019/10/21 - )
","British Columbia
",F,"Conservative Party of Canada (2019/10/21 - )
"
"Shipley, Doug","MP (2019/10/21 - )
","Barrie--Springwater--Oro-Medonte (2019/10/21 - )
","Ontario
",M,"Conservative Party of Canada (2019/10/21 - )
"
"Sidhu, Maninder","MP (2019/10/21 - )
","Brampton East (2019/10/21 - )
","Ontario
",M,"Liberal Party of Canada (2019/10/21 - )
"
"Simard, Mario","MP (2019/10/21 - )
","Jonquière (2019/10/21 - )
","Quebec
",M,"Bloc Québécois (2019/10/21 - )
"
"Sloan, Derek","MP (2019/10/21 - )
","Hastings--Lennox and Addington (2019/10/21 - )
","Ontario
",M,"Independent (2021/01/20 - )
Conservative Party of Canada (2019/10/21 - )
"
"Soroka, Gerald","MP (2019/10/21 - )
","Yellowhead (2019/10/21 - )
","Alberta
",M,"Conservative Party of Canada (2019/10/21 - )
"
"Steinley, Warren","MP (2019/10/21 - )
","Regina--Lewvan (2019/10/21 - )
","Saskatchewan
",M,"Conservative Party of Canada (2019/10/21 - )
"
"Therrien, Alain","MP (2019/10/21 - )
","La Prairie (2019/10/21 - )
","Quebec
",M,"Bloc Québécois (2019/10/21 - )
"
"Tochor, Corey","MP (2019/10/21 - )
","Saskatoon--University (2019/10/21 - )
","Saskatchewan
",M,"Conservative Party of Canada (2019/10/21 - )
"
"Trudel, Denis","MP (2019/10/21 - )
","Longueuil--Saint-Hubert (2019/10/21 - )
","Quebec
",M,"Bloc Québécois (2019/10/21 - )
"
"Turnbull, Ryan","MP (2019/10/21 - )
","Whitby (2019/10/21 - )
","Ontario
",M,"Liberal Party of Canada (2019/10/21 - )
"
"Van Bynen, Tony","MP (2019/10/21 - )
","Newmarket--Aurora (2019/10/21 - )
","Ontario
",M,"Liberal Party of Canada (2019/10/21 - )
"
"van Koeverden, Adam","MP (2019/10/21 - )
","Milton (2019/10/21 - )
","Ontario
",M,"Liberal Party of Canada (2019/10/21 - )
"
"Van Popta, Tako","MP (2019/10/21 - )
","Langley--Aldergrove (2019/10/21 - )
","British Columbia
",M,"Conservative Party of Canada (2019/10/21 - )
"
"Vidal, Gary","MP (2019/10/21 - )
","Desnethé--Missinippi--Churchill River (2019/10/21 - )
","Saskatchewan
",M,"Conservative Party of Canada (2019/10/21 - )
"
"Vignola, Julie","MP (2019/10/21 - )
","Beauport--Limoilou (2019/10/21 - )
","Quebec
",F,"Bloc Québécois (2019/10/21 - )
"
"Vis, Brad","MP (2019/10/21 - )
","Mission--Matsqui--Fraser Canyon (2019/10/21 - )
","British Columbia
",M,"Conservative Party of Canada (2019/10/21 - )
"
"Weiler, Patrick","MP (2019/10/21 - )
","West Vancouver--Sunshine Coast--Sea to Sky Country (2019/10/21 - )
","British Columbia
",M,"Liberal Party of Canada (2019/10/21 - )
"
"Zann, Lenore","MP (2019/10/21 - )
","Cumberland--Colchester (2019/10/21 - )
","Nova Scotia
",F,"Liberal Party of Canada (2019/10/21 - )
"
"Zuberi, Sameer","MP (2019/10/21 - )
","Pierrefonds--Dollard (2019/10/21 - )
","Quebec
",M,"Liberal Party of Canada (2019/10/21 - )
"
"Manly, Paul","MP (2019/05/06 - )
","Nanaimo--Ladysmith (2019/05/06 - )
","British Columbia
",M,"Green Party of Canada (2019/05/06 - )
"
"Bendayan, Rachel","MP (2019/02/25 - )
","Outremont (2019/02/25 - )
","Quebec
",F,"Liberal Party of Canada (2019/02/25 - )
"
"Davidson, Scot","MP (2019/02/25 - )
","York--Simcoe (2019/02/25 - )
","Ontario
",M,"Conservative Party of Canada (2019/02/25 - )
"
"Singh, Jagmeet","MP (2019/02/25 - )
","Burnaby South (2019/02/25 - )
","British Columbia
",M,"New Democratic Party (2019/02/25 - )
"
"Barrett, Michael","MP (2018/12/03 - )
","Leeds--Grenville--Thousand Islands and Rideau Lakes (2018/12/03 - )
","Ontario
",M,"Conservative Party of Canada (2018/12/03 - )
"
"Martel, Richard","MP (2018/06/18 - )
","Chicoutimi--Le Fjord (2018/06/18 - )
","Quebec
",M,"Conservative Party of Canada (2018/06/18 - )
"
"Falk, Rosemarie","MP (2017/12/11 - )
","Battlefords--Lloydminster (2017/12/11 - )
","Saskatchewan
",F,"Conservative Party of Canada (2017/12/11 - )
"
"Rogers, Churence","MP (2017/12/11 - )
","Bonavista--Burin--Trinity (2017/12/11 - )
","Newfoundland and Labrador
",M,"Liberal Party of Canada (2017/12/11 - )
"
"Yip, Jean","MP (2017/12/11 - )
","Scarborough--Agincourt (2017/12/11 - )
","Ontario
",F,"Liberal Party of Canada (2017/12/11 - )
"
"Lloyd, Dane","MP (2017/10/23 - )
","Sturgeon River--Parkland (2017/10/23 - )
","Alberta
",M,"Conservative Party of Canada (2017/10/23 - )
"
"Benzen, Bob","MP (2017/04/03 - )
","Calgary Heritage (2017/04/03 - )
","Alberta
",M,"Conservative Party of Canada (2017/04/03 - )
"
"Fortier, Mona","MP (2017/04/03 - )
","Ottawa--Vanier (2017/04/03 - )
","Ontario
",F,"Liberal Party of Canada (2017/04/03 - )
"
"Kusie, Stephanie","MP (2017/04/03 - )
","Calgary Midnapore (2017/04/03 - )
","Alberta
",F,"Conservative Party of Canada (2017/04/03 - )
"
"Lambropoulos, Emmanuella","MP (2017/04/03 - )
","Saint-Laurent (2017/04/03 - )
","Quebec
",F,"Liberal Party of Canada (2017/04/03 - )
"
"Ng, Mary","MP (2017/04/03 - )
","Markham--Thornhill (2017/04/03 - )
","Ontario
",F,"Liberal Party of Canada (2017/04/03 - )
"
"Motz, Glen","MP (2016/10/24 - )
","Medicine Hat--Cardston--Warner (2016/10/24 - )
","Alberta
",M,"Conservative Party of Canada (2016/10/24 - )
"
"Levitt, Michael","MP (2015/10/19 - 2020/09/01)
","York Centre (2015/10/19 - 2020/09/01)
","Ontario
",M,"Liberal Party of Canada (2015/10/19 - 2020/09/01)
"
"Morneau, Bill","MP (2015/10/19 - 2020/08/21)
","Toronto Centre (2015/10/19 - 2020/08/21)
","Ontario
",M,"Liberal Party of Canada (2015/10/19 - 2020/08/21)
"
"Barlow, John","MP (2015/10/19 - )
MP (2014/06/30 - 2015/10/18)
","Foothills (2015/10/19 - )
Macleod (2014/06/30 - 2015/10/18)
","Alberta
Alberta
",M,"Conservative Party of Canada (2014/06/30 - )
"
"Vaughan, Adam","MP (2015/10/19 - )
MP (2014/06/30 - 2015/10/18)
","Spadina--Fort York (2015/10/19 - )
Trinity--Spadina (2014/06/30 - 2015/10/18)
","Ontario
Ontario
",M,"Liberal Party of Canada (2014/06/30 - )
"
"Yurdiga, David","MP (2015/10/19 - )
MP (2014/06/30 - 2015/10/18)
","Fort McMurray--Cold Lake (2015/10/19 - )
Fort McMurray--Athabasca (2014/06/30 - 2015/10/18)
","Alberta
Alberta
",M,"Conservative Party of Canada (2014/06/30 - )
"
"Freeland, Chrystia","MP (2015/10/19 - )
MP (2013/11/25 - 2015/10/18)
","University--Rosedale (2015/10/19 - )
Toronto Centre (2013/11/25 - 2015/10/18)
","Ontario
Ontario
",F,"Liberal Party of Canada (2013/11/25 - )
"
"Albas, Dan","MP (2015/10/19 - )
MP (2011/05/02 - 2015/10/18)
","Central Okanagan--Similkameen--Nicola (2015/10/19 - )
Okanagan--Coquihalla (2011/05/02 - 2015/10/18)
","British Columbia
British Columbia
",M,"Conservative Party of Canada (2011/05/02 - )
"
"Garrison, Randall","MP (2015/10/19 - )
MP (2011/05/02 - 2015/10/18)
","Esquimalt--Saanich--Sooke (2015/10/19 - )
Esquimalt--Juan de Fuca (2011/05/02 - 2015/10/18)
","British Columbia
British Columbia
",M,"New Democratic Party (2011/05/02 - )
"
"Rempel Garner, Michelle","MP (2015/10/19 - )
MP (2011/05/02 - 2015/10/18)
","Calgary Nose Hill (2015/10/19 - )
Calgary Centre-North (2011/05/02 - 2015/10/18)
","Alberta
Alberta
",F,"Conservative Party of Canada (2011/05/02 - )
"
"Strahl, Mark","MP (2015/10/19 - )
MP (2011/05/02 - 2015/10/18)
","Chilliwack--Hope (2015/10/19 - )
Chilliwack--Fraser Canyon (2011/05/02 - 2015/10/18)
","British Columbia
British Columbia
",M,"Conservative Party of Canada (2011/05/02 - )
"
"Zimmer, Bob","MP (2015/10/19 - )
MP (2011/05/02 - 2015/10/18)
","Prince George--Peace River--Northern Rockies (2015/10/19 - )
Prince George--Peace River (2011/05/02 - 2015/10/18)
","British Columbia
British Columbia
",M,"Conservative Party of Canada (2011/05/02 - )
"
"Généreux, Bernard","MP (2015/10/19 - )
MP (2009/11/09 - 2011/05/01)
","Montmagny--L’Islet--Kamouraska--Rivière-du-Loup (2015/10/19 - )
Montmagny--L’Islet--Kamouraska--Rivière-du-Loup (2009/11/09 - 2011/05/01)
","Quebec
Quebec
",M,"Conservative Party of Canada (2015/10/19 - )
Conservative Party of Canada (2009/11/09 - 2011/05/01)
"
"Ashton, Niki","MP (2015/10/19 - )
MP (2008/10/14 - 2015/10/18)
","Churchill--Keewatinook Aski (2015/10/19 - )
Churchill (2008/10/14 - 2015/10/18)
","Manitoba
Manitoba
",F,"New Democratic Party (2008/10/14 - )
"
"Block, Kelly","MP (2015/10/19 - )
MP (2008/10/14 - 2015/10/18)
","Carlton Trail--Eagle Creek (2015/10/19 - )
Saskatoon--Rosetown--Biggar (2008/10/14 - 2015/10/18)
","Saskatchewan
Saskatchewan
",F,"Conservative Party of Canada (2008/10/14 - )
"
"Dreeshen, Earl","MP (2015/10/19 - )
MP (2008/10/14 - 2015/10/18)
","Red Deer--Mountain View (2015/10/19 - )
Red Deer (2008/10/14 - 2015/10/18)
","Alberta
Alberta
",M,"Conservative Party of Canada (2008/10/14 - )
"
"Garneau, Marc","MP (2015/10/19 - )
MP (2008/10/14 - 2015/10/18)
","Notre-Dame-de-Grâce--Westmount (2015/10/19 - )
Westmount--Ville-Marie (2008/10/14 - 2015/10/18)
","Quebec
Quebec
",M,"Liberal Party of Canada (2008/10/14 - )
"
"McColeman, Phil","MP (2015/10/19 - )
MP (2008/10/14 - 2015/10/18)
","Brantford--Brant (2015/10/19 - )
Brant (2008/10/14 - 2015/10/18)
","Ontario
Ontario
",M,"Conservative Party of Canada (2008/10/14 - )
"
"Richards, Blake","MP (2015/10/19 - )
MP (2008/10/14 - 2015/10/18)
","Banff--Airdrie (2015/10/19 - )
Wild Rose (2008/10/14 - 2015/10/18)
","Alberta
Alberta
",M,"Conservative Party of Canada (2008/10/14 - )
"
"Wong, Alice","MP (2015/10/19 - )
MP (2008/10/14 - 2015/10/18)
","Richmond Centre (2015/10/19 - )
Richmond (2008/10/14 - 2015/10/18)
","British Columbia
British Columbia
",F,"Conservative Party of Canada (2008/10/14 - )
"
"Mendès, Alexandra","MP (2015/10/19 - )
MP (2008/10/14 - 2011/05/01)
","Brossard--Saint-Lambert (2015/10/19 - )
Brossard--La Prairie (2008/10/14 - 2011/05/01)
","Quebec
Quebec
",F,"Liberal Party of Canada (2015/10/19 - )
Liberal Party of Canada (2008/10/14 - 2011/05/01)
"
"Oliphant, Robert","MP (2015/10/19 - )
MP (2008/10/14 - 2011/05/01)
","Don Valley West (2015/10/19 - )
Don Valley West (2008/10/14 - 2011/05/01)
","Ontario
Ontario
",M,"Liberal Party of Canada (2015/10/19 - )
Liberal Party of Canada (2008/10/14 - 2011/05/01)
"
"Blaney, Steven","MP (2015/10/19 - )
MP (2006/01/23 - 2015/10/18)
","Bellechasse--Les Etchemins--Lévis (2015/10/19 - )
Lévis--Bellechasse (2006/01/23 - 2015/10/18)
","Quebec
Quebec
",M,"Conservative Party of Canada (2006/01/23 - )
"
"Calkins, Blaine","MP (2015/10/19 - )
MP (2006/01/23 - 2015/10/18)
","Red Deer--Lacombe (2015/10/19 - )
Wetaskiwin (2006/01/23 - 2015/10/18)
","Alberta
Alberta
",M,"Conservative Party of Canada (2006/01/23 - )
"
"Gourde, Jacques","MP (2015/10/19 - )
MP (2006/01/23 - 2015/10/18)
","Lévis--Lotbinière (2015/10/19 - )
Lotbinière--Chutes-de-la-Chaudière (2006/01/23 - 2015/10/18)
","Quebec
Quebec
",M,"Conservative Party of Canada (2006/01/23 - )
"
"Lake, Mike","MP (2015/10/19 - )
MP (2006/01/23 - 2015/10/18)
","Edmonton--Wetaskiwin (2015/10/19 - )
Edmonton--Mill Woods--Beaumont (2006/01/23 - 2015/10/18)
","Alberta
Alberta
",M,"Conservative Party of Canada (2006/01/23 - )
"
"Sweet, David","MP (2015/10/19 - )
MP (2006/01/23 - 2015/10/18)
","Flamborough--Glanbrook (2015/10/19 - )
Ancaster--Dundas--Flamborough--Westdale (2006/01/23 - 2015/10/18)
","Ontario
Ontario
",M,"Conservative Party of Canada (2006/01/23 - )
"
"Warkentin, Chris","MP (2015/10/19 - )
MP (2006/01/23 - 2015/10/18)
","Grande Prairie--Mackenzie (2015/10/19 - )
Peace River (2006/01/23 - 2015/10/18)
","Alberta
Alberta
",M,"Conservative Party of Canada (2006/01/23 - )
"
"Dhaliwal, Sukh","MP (2015/10/19 - )
MP (2006/01/23 - 2011/05/01)
","Surrey--Newton (2015/10/19 - )
Newton--North Delta (2006/01/23 - 2011/05/01)
","British Columbia
British Columbia
",M,"Liberal Party of Canada (2015/10/19 - )
Liberal Party of Canada (2006/01/23 - 2011/05/01)
"
"Alghabra, Omar","MP (2015/10/19 - )
MP (2006/01/23 - 2008/10/13)
","Mississauga Centre (2015/10/19 - )
Mississauga--Erindale (2006/01/23 - 2008/10/13)
","Ontario
Ontario
",M,"Liberal Party of Canada (2015/10/19 - )
Liberal Party of Canada (2006/01/23 - 2008/10/13)
"
"Plamondon, Louis","MP (2015/10/19 - )
MP (2004/09/01 - 2015/10/18)
MP (2004/06/28 - 2004/08/31)
MP (1998/06/18 - 2004/06/27)
MP (1984/09/04 - 1998/06/17)
","Bécancour--Nicolet--Saurel (2015/10/19 - )
Bas-Richelieu--Nicolet--Bécancour (2004/09/01 - 2015/10/18)
Richelieu (2004/06/28 - 2004/08/31)
Bas-Richelieu--Nicolet--Bécancour (1998/06/18 - 2004/06/27)
Richelieu (1984/09/04 - 1998/06/17)
","Quebec
Quebec
Quebec
Quebec
Quebec
",M,"Bloc Québécois (2018/09/17 - )
Québec debout (2018/06/06 - 2018/09/16)
Groupe parlementaire québécois  (2018/02/28 - 2018/06/05)
Bloc Québécois (1990/12/20 - 2018/02/27)
Independent (1990/06/26 - 1990/12/19)
Progressive Conservative Party (1984/09/04 - 1990/06/25)
"
"Simms, Scott","MP (2015/10/19 - )
MP (2004/09/01 - 2015/10/18)
MP (2004/06/28 - 2004/08/31)
","Coast of Bays--Central--Notre Dame (2015/10/19 - )
Bonavista--Gander--Grand Falls--Windsor (2004/09/01 - 2015/10/18)
Bonavista--Exploits (2004/06/28 - 2004/08/31)
","Newfoundland and Labrador
Newfoundland and Labrador
Newfoundland and Labrador
",M,"Liberal Party of Canada (2004/06/28 - )
"
"Reid, Scott","MP (2015/10/19 - )
MP (2004/06/28 - 2015/10/18)
MP (2000/11/27 - 2004/06/27)
","Lanark--Frontenac--Kingston (2015/10/19 - )
Lanark--Frontenac--Lennox and Addington (2004/06/28 - 2015/10/18)
Lanark--Carleton (2000/11/27 - 2004/06/27)
","Ontario
Ontario
Ontario
",M,"Conservative Party of Canada (2003/12/23 - )
Canadian Reform Conservative Alliance (2000/11/27 - 2003/12/22)
"
"Allison, Dean","MP (2015/10/19 - )
MP (2004/06/28 - 2015/10/18)
","Niagara West (2015/10/19 - )
Niagara West--Glanbrook (2004/06/28 - 2015/10/18)
","Ontario
Ontario
",M,"Conservative Party of Canada (2004/06/28 - )
"
"Bezan, James","MP (2015/10/19 - )
MP (2004/06/28 - 2015/10/18)
","Selkirk--Interlake--Eastman (2015/10/19 - )
Selkirk--Interlake (2004/06/28 - 2015/10/18)
","Manitoba
Manitoba
",M,"Conservative Party of Canada (2004/06/28 - )
"
"Julian, Peter","MP (2015/10/19 - )
MP (2004/06/28 - 2015/10/18)
","New Westminster--Burnaby (2015/10/19 - )
Burnaby--New Westminster (2004/06/28 - 2015/10/18)
","British Columbia
British Columbia
",M,"New Democratic Party (2004/06/28 - )
"
"Lukiwski, Tom","MP (2015/10/19 - )
MP (2004/06/28 - 2015/10/18)
","Moose Jaw--Lake Centre--Lanigan (2015/10/19 - )
Regina--Lumsden--Lake Centre (2004/06/28 - 2015/10/18)
","Saskatchewan
Saskatchewan
",M,"Conservative Party of Canada (2004/06/28 - )
"
"Poilievre, Pierre","MP (2015/10/19 - )
MP (2004/06/28 - 2015/10/18)
","Carleton (2015/10/19 - )
Nepean--Carleton (2004/06/28 - 2015/10/18)
","Ontario
Ontario
",M,"Conservative Party of Canada (2004/06/28 - )
"
"Bains, Navdeep Singh","MP (2015/10/19 - )
MP (2004/06/28 - 2011/05/01)
","Mississauga--Malton (2015/10/19 - )
Mississauga--Brampton South (2004/06/28 - 2011/05/01)
","Ontario
Ontario
",M,"Liberal Party of Canada (2015/10/19 - )
Liberal Party of Canada (2004/06/28 - 2011/05/01)
"
"Holland, Mark","MP (2015/10/19 - )
MP (2004/06/28 - 2011/05/01)
","Ajax (2015/10/19 - )
Ajax--Pickering (2004/06/28 - 2011/05/01)
","Ontario
Ontario
",M,"Liberal Party of Canada (2015/10/19 - )
Liberal Party of Canada (2004/06/28 - 2011/05/01)
"
"Ratansi, Yasmin","MP (2015/10/19 - )
MP (2004/06/28 - 2011/05/01)
","Don Valley East (2015/10/19 - )
Don Valley East (2004/06/28 - 2011/05/01)
","Ontario
Ontario
",F,"Independent (2020/11/09 - )
Liberal Party of Canada (2015/10/19 - 2020/11/08)
Liberal Party of Canada (2004/06/28 - 2011/05/01)
"
"Rodriguez, Pablo","MP (2015/10/19 - )
MP (2004/06/28 - 2011/05/01)
","Honoré-Mercier (2015/10/19 - )
Honoré-Mercier (2004/06/28 - 2011/05/01)
","Quebec
Quebec
",M,"Liberal Party of Canada (2015/10/19 - )
Liberal Party of Canada (2004/06/28 - 2011/05/01)
"
"Rota, Anthony","MP (2015/10/19 - )
MP (2004/06/28 - 2011/05/01)
","Nipissing--Timiskaming (2015/10/19 - )
Nipissing--Timiskaming (2004/06/28 - 2011/05/01)
","Ontario
Ontario
",M,"Liberal Party of Canada (2015/10/19 - )
Liberal Party of Canada (2004/06/28 - 2011/05/01)
"
"Bagnell, Larry","MP (2015/10/19 - )
MP (2000/11/27 - 2011/05/01)
","Yukon (2015/10/19 - )
Yukon (2000/11/27 - 2011/05/01)
","Yukon
Yukon
",M,"Liberal Party of Canada (2015/10/19 - )
Liberal Party of Canada (2000/11/27 - 2011/05/01)
"
"Sgro, Judy","MP (2015/10/19 - )
MP (1999/11/15 - 2015/10/18)
","Humber River--Black Creek (2015/10/19 - )
York West (1999/11/15 - 2015/10/18)
","Ontario
Ontario
",F,"Liberal Party of Canada (1999/11/15 - )
"
"Bennett, Carolyn","MP (2015/10/19 - )
MP (1997/06/02 - 2015/10/18)
","Toronto--St. Paul's (2015/10/19 - )
St. Paul's (1997/06/02 - 2015/10/18)
","Ontario
Ontario
",F,"Liberal Party of Canada (1997/06/02 - )
"
"Aboultaif, Ziad","MP (2015/10/19 - )
","Edmonton Manning (2015/10/19 - )
","Alberta
",M,"Conservative Party of Canada (2015/10/19 - )
"
"Alleslev, Leona","MP (2015/10/19 - )
","Aurora--Oak Ridges--Richmond Hill (2015/10/19 - )
","Ontario
",F,"Conservative Party of Canada (2018/09/17 - )
Liberal Party of Canada (2015/10/19 - 2018/09/16)
"
"Amos, William","MP (2015/10/19 - )
","Pontiac (2015/10/19 - )
","Quebec
",M,"Liberal Party of Canada (2015/10/19 - )
"
"Anandasangaree, Gary","MP (2015/10/19 - )
","Scarborough--Rouge Park (2015/10/19 - )
","Ontario
",M,"Liberal Party of Canada (2015/10/19 - )
"
"Arnold, Mel","MP (2015/10/19 - )
","North Okanagan--Shuswap (2015/10/19 - )
","British Columbia
",M,"Conservative Party of Canada (2015/10/19 - )
"
"Arseneault, René","MP (2015/10/19 - )
","Madawaska--Restigouche (2015/10/19 - )
","New Brunswick
",M,"Liberal Party of Canada (2015/10/19 - )
"
"Arya, Chandra","MP (2015/10/19 - )
","Nepean (2015/10/19 - )
","Ontario
",M,"Liberal Party of Canada (2015/10/19 - )
"
"Badawey, Vance","MP (2015/10/19 - )
","Niagara Centre (2015/10/19 - )
","Ontario
",M,"Liberal Party of Canada (2015/10/19 - )
"
"Barsalou-Duval, Xavier","MP (2015/10/19 - )
","Pierre-Boucher--Les Patriotes--Verchères (2015/10/19 - )
","Quebec
",M,"Bloc Québécois (2015/10/19 - )
"
"Beaulieu, Mario","MP (2015/10/19 - )
","La Pointe-de-l'Île (2015/10/19 - )
","Quebec
",M,"Bloc Québécois (2015/10/19 - )
"
"Beech, Terry","MP (2015/10/19 - )
","Burnaby North--Seymour (2015/10/19 - )
","British Columbia
",M,"Liberal Party of Canada (2015/10/19 - )
"
"Berthold, Luc","MP (2015/10/19 - )
","Mégantic--L'Érable (2015/10/19 - )
","Quebec
",M,"Conservative Party of Canada (2015/10/19 - )
"
"Bibeau, Marie-Claude","MP (2015/10/19 - )
","Compton--Stanstead (2015/10/19 - )
","Quebec
",F,"Liberal Party of Canada (2015/10/19 - )
"
"Bittle, Chris","MP (2015/10/19 - )
","St. Catharines (2015/10/19 - )
","Ontario
",M,"Liberal Party of Canada (2015/10/19 - )
"
"Blaikie, Daniel","MP (2015/10/19 - )
","Elmwood--Transcona (2015/10/19 - )
","Manitoba
",M,"New Democratic Party (2015/10/19 - )
"
"Blair, Bill","MP (2015/10/19 - )
","Scarborough Southwest (2015/10/19 - )
","Ontario
",M,"Liberal Party of Canada (2015/10/19 - )
"
"Blaney, Rachel","MP (2015/10/19 - )
","North Island--Powell River (2015/10/19 - )
","British Columbia
",F,"New Democratic Party (2015/10/19 - )
"
"Boudrias, Michel","MP (2015/10/19 - )
","Terrebonne (2015/10/19 - )
","Quebec
",M,"Bloc Québécois (2018/06/06 - )
Groupe parlementaire québécois  (2018/02/28 - 2018/06/05)
Bloc Québécois (2015/10/19 - 2018/02/27)
"
"Brassard, John","MP (2015/10/19 - )
","Barrie--Innisfil (2015/10/19 - )
","Ontario
",M,"Conservative Party of Canada (2015/10/19 - )
"
"Bratina, Bob","MP (2015/10/19 - )
","Hamilton East--Stoney Creek (2015/10/19 - )
","Ontario
",M,"Liberal Party of Canada (2015/10/19 - )
"
"Cannings, Richard","MP (2015/10/19 - )
","South Okanagan--West Kootenay (2015/10/19 - )
","British Columbia
",M,"New Democratic Party (2015/10/19 - )
"
"Carr, Jim","MP (2015/10/19 - )
","Winnipeg South Centre (2015/10/19 - )
","Manitoba
",M,"Liberal Party of Canada (2015/10/19 - )
"
"Chagger, Bardish","MP (2015/10/19 - )
","Waterloo (2015/10/19 - )
","Ontario
",F,"Liberal Party of Canada (2015/10/19 - )
"
"Champagne, François-Philippe","MP (2015/10/19 - )
","Saint-Maurice--Champlain (2015/10/19 - )
","Quebec
",M,"Liberal Party of Canada (2015/10/19 - )
"
"Chen, Shaun","MP (2015/10/19 - )
","Scarborough North (2015/10/19 - )
","Ontario
",M,"Liberal Party of Canada (2015/10/19 - )
"
"Cooper, Michael","MP (2015/10/19 - )
","St. Albert--Edmonton (2015/10/19 - )
","Alberta
",M,"Conservative Party of Canada (2015/10/19 - )
"
"Cormier, Serge","MP (2015/10/19 - )
","Acadie--Bathurst (2015/10/19 - )
","New Brunswick
",M,"Liberal Party of Canada (2015/10/19 - )
"
"Dabrusin, Julie","MP (2015/10/19 - )
","Toronto--Danforth (2015/10/19 - )
","Ontario
",F,"Liberal Party of Canada (2015/10/19 - )
"
"Damoff, Pam","MP (2015/10/19 - )
","Oakville North--Burlington (2015/10/19 - )
","Ontario
",F,"Liberal Party of Canada (2015/10/19 - )
"
"Deltell, Gérard","MP (2015/10/19 - )
","Louis-Saint-Laurent (2015/10/19 - )
","Quebec
",M,"Conservative Party of Canada (2015/10/19 - )
"
"Dhillon, Anju","MP (2015/10/19 - )
","Dorval--Lachine--LaSalle (2015/10/19 - )
","Quebec
",F,"Liberal Party of Canada (2015/10/19 - )
"
"Diotte, Kerry","MP (2015/10/19 - )
","Edmonton Griesbach (2015/10/19 - )
","Alberta
",M,"Conservative Party of Canada (2015/10/19 - )
"
"Doherty, Todd","MP (2015/10/19 - )
","Cariboo--Prince George (2015/10/19 - )
","British Columbia
",M,"Conservative Party of Canada (2015/10/19 - )
"
"Drouin, Francis","MP (2015/10/19 - )
","Glengarry--Prescott--Russell (2015/10/19 - )
","Ontario
",M,"Liberal Party of Canada (2015/10/19 - )
"
"Duclos, Jean-Yves","MP (2015/10/19 - )
","Québec (2015/10/19 - )
","Quebec
",M,"Liberal Party of Canada (2015/10/19 - )
"
"Duguid, Terry","MP (2015/10/19 - )
","Winnipeg South (2015/10/19 - )
","Manitoba
",M,"Liberal Party of Canada (2015/10/19 - )
"
"Duvall, Scott","MP (2015/10/19 - )
","Hamilton Mountain (2015/10/19 - )
","Ontario
",M,"New Democratic Party (2015/10/19 - )
"
"Dzerowicz, Julie","MP (2015/10/19 - )
","Davenport (2015/10/19 - )
","Ontario
",F,"Liberal Party of Canada (2015/10/19 - )
"
"Ehsassi, Ali","MP (2015/10/19 - )
","Willowdale (2015/10/19 - )
","Ontario
",M,"Liberal Party of Canada (2015/10/19 - )
"
"El-Khoury, Fayçal","MP (2015/10/19 - )
","Laval--Les Îles (2015/10/19 - )
","Quebec
",M,"Liberal Party of Canada (2015/10/19 - )
"
"Ellis, Neil R.","MP (2015/10/19 - )
","Bay of Quinte (2015/10/19 - )
","Ontario
",M,"Liberal Party of Canada (2015/10/19 - )
"
"Erskine-Smith, Nathaniel","MP (2015/10/19 - )
","Beaches--East York (2015/10/19 - )
","Ontario
",M,"Liberal Party of Canada (2015/10/19 - )
"
"Fergus, Greg","MP (2015/10/19 - )
","Hull--Aylmer (2015/10/19 - )
","Quebec
",M,"Liberal Party of Canada (2015/10/19 - )
"
"Fillmore, Andy","MP (2015/10/19 - )
","Halifax (2015/10/19 - )
","Nova Scotia
",M,"Liberal Party of Canada (2015/10/19 - )
"
"Finnigan, Pat","MP (2015/10/19 - )
","Miramichi--Grand Lake (2015/10/19 - )
","New Brunswick
",M,"Liberal Party of Canada (2015/10/19 - )
"
"Fisher, Darren","MP (2015/10/19 - )
","Dartmouth--Cole Harbour (2015/10/19 - )
","Nova Scotia
",M,"Liberal Party of Canada (2015/10/19 - )
"
"Fonseca, Peter","MP (2015/10/19 - )
","Mississauga East--Cooksville (2015/10/19 - )
","Ontario
",M,"Liberal Party of Canada (2015/10/19 - )
"
"Fortin, Rhéal Éloi","MP (2015/10/19 - )
","Rivière-du-Nord (2015/10/19 - )
","Quebec
",M,"Bloc Québécois (2018/09/17 - )
Québec debout (2018/06/06 - 2018/09/16)
Groupe parlementaire québécois  (2018/02/28 - 2018/06/05)
Bloc Québécois (2015/10/19 - 2018/02/27)
"
"Fragiskatos, Peter","MP (2015/10/19 - )
","London North Centre (2015/10/19 - )
","Ontario
",M,"Liberal Party of Canada (2015/10/19 - )
"
"Fraser, Sean","MP (2015/10/19 - )
","Central Nova (2015/10/19 - )
","Nova Scotia
",M,"Liberal Party of Canada (2015/10/19 - )
"
"Genuis, Garnett","MP (2015/10/19 - )
","Sherwood Park--Fort Saskatchewan (2015/10/19 - )
","Alberta
",M,"Conservative Party of Canada (2015/10/19 - )
"
"Gerretsen, Mark","MP (2015/10/19 - )
","Kingston and the Islands (2015/10/19 - )
","Ontario
",M,"Liberal Party of Canada (2015/10/19 - )
"
"Gill, Marilène","MP (2015/10/19 - )
","Manicouagan (2015/10/19 - )
","Quebec
",F,"Bloc Québécois (2015/10/19 - )
"
"Gladu, Marilyn","MP (2015/10/19 - )
","Sarnia--Lambton (2015/10/19 - )
","Ontario
",F,"Conservative Party of Canada (2015/10/19 - )
"
"Godin, Joël","MP (2015/10/19 - )
","Portneuf--Jacques-Cartier (2015/10/19 - )
","Quebec
",M,"Conservative Party of Canada (2015/10/19 - )
"
"Gould, Karina","MP (2015/10/19 - )
","Burlington (2015/10/19 - )
","Ontario
",F,"Liberal Party of Canada (2015/10/19 - )
"
"Hajdu, Patricia","MP (2015/10/19 - )
","Thunder Bay--Superior North (2015/10/19 - )
","Ontario
",F,"Liberal Party of Canada (2015/10/19 - )
"
"Harder, Rachael","MP (2015/10/19 - )
","Lethbridge (2015/10/19 - )
","Alberta
",F,"Conservative Party of Canada (2015/10/19 - )
"
"Hardie, Ken","MP (2015/10/19 - )
","Fleetwood--Port Kells (2015/10/19 - )
","British Columbia
",M,"Liberal Party of Canada (2015/10/19 - )
"
"Housefather, Anthony","MP (2015/10/19 - )
","Mount Royal (2015/10/19 - )
","Quebec
",M,"Liberal Party of Canada (2015/10/19 - )
"
"Hussen, Ahmed","MP (2015/10/19 - )
","York South--Weston (2015/10/19 - )
","Ontario
",M,"Liberal Party of Canada (2015/10/19 - )
"
"Hutchings, Gudie","MP (2015/10/19 - )
","Long Range Mountains (2015/10/19 - )
","Newfoundland and Labrador
",F,"Liberal Party of Canada (2015/10/19 - )
"
"Iacono, Angelo","MP (2015/10/19 - )
","Alfred-Pellan (2015/10/19 - )
","Quebec
",M,"Liberal Party of Canada (2015/10/19 - )
"
"Jeneroux, Matt","MP (2015/10/19 - )
","Edmonton Riverbend (2015/10/19 - )
","Alberta
",M,"Conservative Party of Canada (2015/10/19 - )
"
"Johns, Gord","MP (2015/10/19 - )
","Courtenay--Alberni (2015/10/19 - )
","British Columbia
",M,"New Democratic Party (2015/10/19 - )
"
"Joly, Mélanie","MP (2015/10/19 - )
","Ahuntsic-Cartierville (2015/10/19 - )
","Quebec
",F,"Liberal Party of Canada (2015/10/19 - )
"
"Jordan, Bernadette","MP (2015/10/19 - )
","South Shore--St. Margarets (2015/10/19 - )
","Nova Scotia
",F,"Liberal Party of Canada (2015/10/19 - )
"
"Jowhari, Majid","MP (2015/10/19 - )
","Richmond Hill (2015/10/19 - )
","Ontario
",M,"Liberal Party of Canada (2015/10/19 - )
"
"Kelly, Pat","MP (2015/10/19 - )
","Calgary Rocky Ridge (2015/10/19 - )
","Alberta
",M,"Conservative Party of Canada (2015/10/19 - )
"
"Khalid, Iqra","MP (2015/10/19 - )
","Mississauga--Erin Mills (2015/10/19 - )
","Ontario
",F,"Liberal Party of Canada (2015/10/19 - )
"
"Khera, Kamal","MP (2015/10/19 - )
","Brampton West (2015/10/19 - )
","Ontario
",F,"Liberal Party of Canada (2015/10/19 - )
"
"Kitchen, Robert Gordon","MP (2015/10/19 - )
","Souris--Moose Mountain (2015/10/19 - )
","Saskatchewan
",M,"Conservative Party of Canada (2015/10/19 - )
"
"Kmiec, Tom","MP (2015/10/19 - )
","Calgary Shepard (2015/10/19 - )
","Alberta
",M,"Conservative Party of Canada (2015/10/19 - )
"
"Kwan, Jenny Wai Ching","MP (2015/10/19 - )
","Vancouver East (2015/10/19 - )
","British Columbia
",F,"New Democratic Party (2015/10/19 - )
"
"Lametti, David","MP (2015/10/19 - )
","LaSalle--Émard--Verdun (2015/10/19 - )
","Quebec
",M,"Liberal Party of Canada (2015/10/19 - )
"
"Lauzon, Stéphane","MP (2015/10/19 - )
","Argenteuil--La Petite-Nation (2015/10/19 - )
","Quebec
",M,"Liberal Party of Canada (2015/10/19 - )
"
"Lebouthillier, Diane","MP (2015/10/19 - )
","Gaspésie--Les Îles-de-la-Madeleine (2015/10/19 - )
","Quebec
",F,"Liberal Party of Canada (2015/10/19 - )
"
"Lefebvre, Paul","MP (2015/10/19 - )
","Sudbury (2015/10/19 - )
","Ontario
",M,"Liberal Party of Canada (2015/10/19 - )
"
"Liepert, Ron","MP (2015/10/19 - )
","Calgary Signal Hill (2015/10/19 - )
","Alberta
",M,"Conservative Party of Canada (2015/10/19 - )
"
"Lightbound, Joël","MP (2015/10/19 - )
","Louis-Hébert (2015/10/19 - )
","Quebec
",M,"Liberal Party of Canada (2015/10/19 - )
"
"Long, Wayne","MP (2015/10/19 - )
","Saint John--Rothesay (2015/10/19 - )
","New Brunswick
",M,"Liberal Party of Canada (2015/10/19 - )
"
"Longfield, Lloyd","MP (2015/10/19 - )
","Guelph (2015/10/19 - )
","Ontario
",M,"Liberal Party of Canada (2015/10/19 - )
"
"MacGregor, Alistair","MP (2015/10/19 - )
","Cowichan--Malahat--Langford (2015/10/19 - )
","British Columbia
",M,"New Democratic Party (2015/10/19 - )
"
"MacKinnon, Steven","MP (2015/10/19 - )
","Gatineau (2015/10/19 - )
","Quebec
",M,"Liberal Party of Canada (2015/10/19 - )
"
"Maloney, James","MP (2015/10/19 - )
","Etobicoke--Lakeshore (2015/10/19 - )
","Ontario
",M,"Liberal Party of Canada (2015/10/19 - )
"
"Marcil, Simon","MP (2015/10/19 - )
","Mirabel (2015/10/19 - )
","Quebec
",M,"Bloc Québécois (2018/06/06 - )
Groupe parlementaire québécois  (2018/02/28 - 2018/06/05)
Bloc Québécois (2015/10/19 - 2018/02/27)
"
"May, Bryan","MP (2015/10/19 - )
","Cambridge (2015/10/19 - )
","Ontario
",M,"Liberal Party of Canada (2015/10/19 - )
"
"McCauley, Kelly","MP (2015/10/19 - )
","Edmonton West (2015/10/19 - )
","Alberta
",M,"Conservative Party of Canada (2015/10/19 - )
"
"McCrimmon, Karen","MP (2015/10/19 - )
","Kanata--Carleton (2015/10/19 - )
","Ontario
",F,"Liberal Party of Canada (2015/10/19 - )
"
"McDonald, Ken","MP (2015/10/19 - )
","Avalon (2015/10/19 - )
","Newfoundland and Labrador
",M,"Liberal Party of Canada (2015/10/19 - )
"
"McKenna, Catherine","MP (2015/10/19 - )
","Ottawa Centre (2015/10/19 - )
","Ontario
",F,"Liberal Party of Canada (2015/10/19 - )
"
"McKinnon, Ron","MP (2015/10/19 - )
","Coquitlam--Port Coquitlam (2015/10/19 - )
","British Columbia
",M,"Liberal Party of Canada (2015/10/19 - )
"
"McLeod, Michael","MP (2015/10/19 - )
","Northwest Territories (2015/10/19 - )
","Northwest Territories
",M,"Liberal Party of Canada (2015/10/19 - )
"
"Mendicino, Marco","MP (2015/10/19 - )
","Eglinton--Lawrence (2015/10/19 - )
","Ontario
",M,"Liberal Party of Canada (2015/10/19 - )
"
"Miller, Marc","MP (2015/10/19 - )
","Ville-Marie--Le Sud-Ouest--Île-des-Soeurs (2015/10/19 - )
","Quebec
",M,"Liberal Party of Canada (2015/10/19 - )
"
"Monsef, Maryam","MP (2015/10/19 - )
","Peterborough--Kawartha (2015/10/19 - )
","Ontario
",F,"Liberal Party of Canada (2015/10/19 - )
"
"Morrissey, Robert","MP (2015/10/19 - )
","Egmont (2015/10/19 - )
","Prince Edward Island
",M,"Liberal Party of Canada (2015/10/19 - )
"
"Nater, John","MP (2015/10/19 - )
","Perth--Wellington (2015/10/19 - )
","Ontario
",M,"Conservative Party of Canada (2015/10/19 - )
"
"O'Connell, Jennifer","MP (2015/10/19 - )
","Pickering--Uxbridge (2015/10/19 - )
","Ontario
",F,"Liberal Party of Canada (2015/10/19 - )
"
"O'Regan, Seamus","MP (2015/10/19 - )
","St. John's South--Mount Pearl (2015/10/19 - )
","Newfoundland and Labrador
",M,"Liberal Party of Canada (2015/10/19 - )
"
"Paul-Hus, Pierre","MP (2015/10/19 - )
","Charlesbourg--Haute-Saint-Charles (2015/10/19 - )
","Quebec
",M,"Conservative Party of Canada (2015/10/19 - )
"
"Pauzé, Monique","MP (2015/10/19 - )
","Repentigny (2015/10/19 - )
","Quebec
",F,"Bloc Québécois (2018/09/17 - )
Québec debout (2018/06/06 - 2018/09/16)
Groupe parlementaire québécois  (2018/02/28 - 2018/06/05)
Bloc Québécois (2015/10/19 - 2018/02/27)
"
"Petitpas Taylor, Ginette","MP (2015/10/19 - )
","Moncton--Riverview--Dieppe (2015/10/19 - )
","New Brunswick
",F,"Liberal Party of Canada (2015/10/19 - )
"
"Qualtrough, Carla","MP (2015/10/19 - )
","Delta (2015/10/19 - )
","British Columbia
",F,"Liberal Party of Canada (2015/10/19 - )
"
"Rayes, Alain","MP (2015/10/19 - )
","Richmond--Arthabaska (2015/10/19 - )
","Quebec
",M,"Conservative Party of Canada (2015/10/19 - )
"
"Robillard, Yves","MP (2015/10/19 - )
","Marc-Aurèle-Fortin (2015/10/19 - )
","Quebec
",M,"Liberal Party of Canada (2015/10/19 - )
"
"Romanado, Sherry","MP (2015/10/19 - )
","Longueuil--Charles-LeMoyne (2015/10/19 - )
","Quebec
",F,"Liberal Party of Canada (2015/10/19 - )
"
"Sahota, Ruby","MP (2015/10/19 - )
","Brampton North (2015/10/19 - )
","Ontario
",F,"Liberal Party of Canada (2015/10/19 - )
"
"Saini, Raj","MP (2015/10/19 - )
","Kitchener Centre (2015/10/19 - )
","Ontario
",M,"Liberal Party of Canada (2015/10/19 - )
"
"Sajjan, Harjit Singh","MP (2015/10/19 - )
","Vancouver South (2015/10/19 - )
","British Columbia
",M,"Liberal Party of Canada (2015/10/19 - )
"
"Samson, Darrell","MP (2015/10/19 - )
","Sackville--Preston--Chezzetcook (2015/10/19 - )
","Nova Scotia
",M,"Liberal Party of Canada (2015/10/19 - )
"
"Sangha, Ramesh","MP (2015/10/19 - )
","Brampton Centre (2015/10/19 - )
","Ontario
",M,"Independent (2021/01/25 - )
Liberal Party of Canada (2015/10/19 - 2021/01/24)
"
"Sarai, Randeep","MP (2015/10/19 - )
","Surrey Centre (2015/10/19 - )
","British Columbia
",M,"Liberal Party of Canada (2015/10/19 - )
"
"Saroya, Bob","MP (2015/10/19 - )
","Markham--Unionville (2015/10/19 - )
","Ontario
",M,"Conservative Party of Canada (2015/10/19 - )
"
"Schiefke, Peter","MP (2015/10/19 - )
","Vaudreuil--Soulanges (2015/10/19 - )
","Quebec
",M,"Liberal Party of Canada (2015/10/19 - )
"
"Schmale, Jamie","MP (2015/10/19 - )
","Haliburton--Kawartha Lakes--Brock (2015/10/19 - )
","Ontario
",M,"Conservative Party of Canada (2015/10/19 - )
"
"Schulte, Deborah","MP (2015/10/19 - )
","King--Vaughan (2015/10/19 - )
","Ontario
",F,"Liberal Party of Canada (2015/10/19 - )
"
"Serré, Marc G.","MP (2015/10/19 - )
","Nickel Belt (2015/10/19 - )
","Ontario
",M,"Liberal Party of Canada (2015/10/19 - )
"
"Shanahan, Brenda","MP (2015/10/19 - )
","Châteauguay--Lacolle (2015/10/19 - )
","Quebec
",F,"Liberal Party of Canada (2015/10/19 - )
"
"Sheehan, Terry","MP (2015/10/19 - )
","Sault Ste. Marie (2015/10/19 - )
","Ontario
",M,"Liberal Party of Canada (2015/10/19 - )
"
"Shields, Martin","MP (2015/10/19 - )
","Bow River (2015/10/19 - )
","Alberta
",M,"Conservative Party of Canada (2015/10/19 - )
"
"Sidhu, Sonia","MP (2015/10/19 - )
","Brampton South (2015/10/19 - )
","Ontario
",F,"Liberal Party of Canada (2015/10/19 - )
"
"Sikand, Gagan","MP (2015/10/19 - )
","Mississauga--Streetsville (2015/10/19 - )
","Ontario
",M,"Liberal Party of Canada (2015/10/19 - )
"
"Sorbara, Francesco","MP (2015/10/19 - )
","Vaughan--Woodbridge (2015/10/19 - )
","Ontario
",M,"Liberal Party of Canada (2015/10/19 - )
"
"Spengemann, Sven","MP (2015/10/19 - )
","Mississauga--Lakeshore (2015/10/19 - )
","Ontario
",M,"Liberal Party of Canada (2015/10/19 - )
"
"Ste-Marie, Gabriel","MP (2015/10/19 - )
","Joliette (2015/10/19 - )
","Quebec
",M,"Bloc Québécois (2018/09/17 - )
Québec debout (2018/06/06 - 2018/09/16)
Groupe parlementaire québécois  (2018/02/28 - 2018/06/05)
Bloc Québécois (2015/10/19 - 2018/02/27)
"
"Stubbs, Shannon","MP (2015/10/19 - )
","Lakeland (2015/10/19 - )
","Alberta
",F,"Conservative Party of Canada (2015/10/19 - )
"
"Tabbara, Marwan","MP (2015/10/19 - )
","Kitchener South--Hespeler (2015/10/19 - )
","Ontario
",M,"Independent (2020/06/06 - )
Liberal Party of Canada (2015/10/19 - 2020/06/05)
"
"Tassi, Filomena","MP (2015/10/19 - )
","Hamilton West--Ancaster--Dundas (2015/10/19 - )
","Ontario
",F,"Liberal Party of Canada (2015/10/19 - )
"
"Thériault, Luc","MP (2015/10/19 - )
","Montcalm (2015/10/19 - )
","Quebec
",M,"Bloc Québécois (2018/09/17 - )
Québec debout (2018/06/06 - 2018/09/16)
Groupe parlementaire québécois  (2018/02/28 - 2018/06/05)
Bloc Québécois (2015/10/19 - 2018/02/27)
"
"Vandal, Daniel","MP (2015/10/19 - )
","Saint Boniface--Saint Vital (2015/10/19 - )
","Manitoba
",M,"Liberal Party of Canada (2015/10/19 - )
"
"Vandenbeld, Anita","MP (2015/10/19 - )
","Ottawa West--Nepean (2015/10/19 - )
","Ontario
",F,"Liberal Party of Canada (2015/10/19 - )
"
"Vecchio, Karen","MP (2015/10/19 - )
","Elgin--Middlesex--London (2015/10/19 - )
","Ontario
",F,"Conservative Party of Canada (2015/10/19 - )
"
"Viersen, Arnold","MP (2015/10/19 - )
","Peace River--Westlock (2015/10/19 - )
","Alberta
",M,"Conservative Party of Canada (2015/10/19 - )
"
"Virani, Arif","MP (2015/10/19 - )
","Parkdale--High Park (2015/10/19 - )
","Ontario
",M,"Liberal Party of Canada (2015/10/19 - )
"
"Wagantall, Cathay","MP (2015/10/19 - )
","Yorkton--Melville (2015/10/19 - )
","Saskatchewan
",F,"Conservative Party of Canada (2015/10/19 - )
"
"Waugh, Kevin","MP (2015/10/19 - )
","Saskatoon--Grasswood (2015/10/19 - )
","Saskatchewan
",M,"Conservative Party of Canada (2015/10/19 - )
"
"Webber, Len","MP (2015/10/19 - )
","Calgary Confederation (2015/10/19 - )
","Alberta
",M,"Conservative Party of Canada (2015/10/19 - )
"
"Wilkinson, Jonathan","MP (2015/10/19 - )
","North Vancouver (2015/10/19 - )
","British Columbia
",M,"Liberal Party of Canada (2015/10/19 - )
"
"Wilson-Raybould, Jody","MP (2015/10/19 - )
","Vancouver Granville (2015/10/19 - )
","British Columbia
",F,"Independent (2019/04/03 - )
Liberal Party of Canada (2015/10/19 - 2019/04/02)
"
"Young, Kate","MP (2015/10/19 - )
","London West (2015/10/19 - )
","Ontario
",F,"Liberal Party of Canada (2015/10/19 - )
"
"Zahid, Salma","MP (2015/10/19 - )
","Scarborough Centre (2015/10/19 - )
","Ontario
",F,"Liberal Party of Canada (2015/10/19 - )
"
"Dubourg, Emmanuel","MP (2013/11/25 - )
","Bourassa (2013/11/25 - )
","Quebec
",M,"Liberal Party of Canada (2013/11/25 - )
"
"Falk, Ted","MP (2013/11/25 - )
","Provencher (2013/11/25 - )
","Manitoba
",M,"Conservative Party of Canada (2013/11/25 - )
"
"Maguire, Larry","MP (2013/11/25 - )
","Brandon--Souris (2013/11/25 - )
","Manitoba
",M,"Conservative Party of Canada (2013/11/25 - )
"
"Jones, Yvonne","MP (2013/05/13 - )
","Labrador (2013/05/13 - )
","Newfoundland and Labrador
",F,"Liberal Party of Canada (2013/05/13 - )
"
"O'Toole, Erin","MP (2012/11/26 - )
","Durham (2012/11/26 - )
","Ontario
",M,"Conservative Party of Canada (2012/11/26 - )
"
"Boulerice, Alexandre","MP (2011/05/02 - )
","Rosemont--La Petite-Patrie (2011/05/02 - )
","Quebec
",M,"New Democratic Party (2011/05/02 - )
"
"Casey, Sean","MP (2011/05/02 - )
","Charlottetown (2011/05/02 - )
","Prince Edward Island
",M,"Liberal Party of Canada (2011/05/02 - )
"
"May, Elizabeth","MP (2011/05/02 - )
","Saanich--Gulf Islands (2011/05/02 - )
","British Columbia
",F,"Green Party of Canada (2011/05/02 - )
"
"Lamoureux, Kevin","MP (2010/11/29 - )
","Winnipeg North (2010/11/29 - )
","Manitoba
",M,"Liberal Party of Canada (2010/11/29 - )
"
"Bergen, Candice","MP (2008/10/14 - )
","Portage--Lisgar (2008/10/14 - )
","Manitoba
",F,"Conservative Party of Canada (2008/10/14 - )
"
"Davies, Don","MP (2008/10/14 - )
","Vancouver Kingsway (2008/10/14 - )
","British Columbia
",M,"New Democratic Party (2008/10/14 - )
"
"Duncan, Kirsty","MP (2008/10/14 - )
","Etobicoke North (2008/10/14 - )
","Ontario
",F,"Liberal Party of Canada (2008/10/14 - )
"
"Hoback, Randy","MP (2008/10/14 - )
","Prince Albert (2008/10/14 - )
","Saskatchewan
",M,"Conservative Party of Canada (2008/10/14 - )
"
"Hughes, Carol","MP (2008/10/14 - )
","Algoma--Manitoulin--Kapuskasing (2008/10/14 - )
","Ontario
",F,"New Democratic Party (2008/10/14 - )
"
"Kent, Peter","MP (2008/10/14 - )
","Thornhill (2008/10/14 - )
","Ontario
",M,"Conservative Party of Canada (2008/10/14 - )
"
"Lobb, Ben","MP (2008/10/14 - )
","Huron--Bruce (2008/10/14 - )
","Ontario
",M,"Conservative Party of Canada (2008/10/14 - )
"
"McLeod, Cathy","MP (2008/10/14 - )
","Kamloops--Thompson--Cariboo (2008/10/14 - )
","British Columbia
",F,"Conservative Party of Canada (2008 - )
"
"Trudeau, Justin","MP (2008/10/14 - )
","Papineau (2008/10/14 - )
","Quebec
",M,"Liberal Party of Canada (2008/10/14 - )
"
"Murray, Joyce","MP (2008/03/17 - )
","Vancouver Quadra (2008/03/17 - )
","British Columbia
",F,"Liberal Party of Canada (2008/03/17 - )
"
"Verner, Josée","MP (2006/01/23 - 2011/05/01)
Senator (2011/06/13 - )
","Montarville (2011/06/13 - )
Louis-Saint-Laurent (2006/01/23 - 2011/05/01)
","Quebec
Quebec
",F,"Canadian Senators Group (2019/11/04 - )
Independent Senators Group (2017/10/17 - 2019/11/03)
Non-affiliated (2017/01/31 - 2017/10/16)
Conservative Party of Canada (2011/06/13 - 2017/01/30)
Conservative Party of Canada (2006/01/23 - 2011/05/01)
"
"Manning, Fabian","MP (2006/01/23 - 2008/10/13)
Senator (2011/05/25 - )
Senator (2009/01/02 - 2011/03/28)
","Newfoundland and Labrador (2011/05/25 - )
Newfoundland and Labrador (2009/01/02 - 2011/03/28)
Avalon (2006/01/23 - 2008/10/13)
","Newfoundland and Labrador
Newfoundland and Labrador
Newfoundland and Labrador
",M,"Conservative Party of Canada (2011/05/25 - )
Conservative Party of Canada (2009/01/02 - 2011/03/28)
Conservative Party of Canada (2006/01/23 - 2008/10/13)
"
"Fast, Ed","MP (2006/01/23 - )
","Abbotsford (2006/01/23 - )
","British Columbia
",M,"Conservative Party of Canada (2006/01/23 - )
"
"Stanton, Bruce","MP (2006/01/23 - )
","Simcoe North (2006/01/23 - )
","Ontario
",M,"Conservative Party of Canada (2006/01/23 - )
"
"Doyle, Norman E.","MP (2004/09/01 - 2008/10/13)
MP (2004/06/28 - 2004/08/31)
MP (1997/06/02 - 2004/06/27)
Senator (2012/01/06 - 2020/11/10)
","Newfoundland and Labrador (2012/01/06 - 2020/11/10)
St. John's East (2004/09/01 - 2008/10/13)
St. John's North (2004/06/28 - 2004/08/31)
St. John's East (1997/06/02 - 2004/06/27)
","Newfoundland and Labrador
Newfoundland and Labrador
Newfoundland and Labrador
Newfoundland and Labrador
",M,"Conservative Party of Canada (2012/01/06 - 2020/11/10)
Conservative Party of Canada (2004/02/02 - 2008/10/13)
Progressive Conservative Party (1997/06/02 - 2004/02/01)
"
"Finley, Diane","MP (2004/06/28 - 2021/05/11)
","Haldimand--Norfolk (2004/06/28 - 2021/05/11)
","Ontario
",F,"Conservative Party of Canada (2004/06/28 - 2021/05/11)
"
"LeBlanc, Dominic","MP (2004/06/28 - )
MP (2000/11/27 - 2004/06/27)
","Beauséjour (2004/06/28 - )
Beauséjour--Petitcodiac (2000/11/27 - 2004/06/27)
","New Brunswick
New Brunswick
",M,"Liberal Party of Canada (2000/11/27 - )
"
"McKay, John","MP (2004/06/28 - )
MP (1997/06/02 - 2004/06/27)
","Scarborough--Guildwood (2004/06/28 - )
Scarborough East (1997/06/02 - 2004/06/27)
","Ontario
Ontario
",M,"Liberal Party of Canada (1997/06/02 - )
"
"Angus, Charlie","MP (2004/06/28 - )
","Timmins--James Bay (2004/06/28 - )
","Ontario
",M,"New Democratic Party (2004/06/28 - )
"
"Carrie, Colin","MP (2004/06/28 - )
","Oshawa (2004/06/28 - )
","Ontario
",M,"Conservative Party of Canada (2004/06/28 - )
"
"Chong, Michael D.","MP (2004/06/28 - )
","Wellington--Halton Hills (2004/06/28 - )
","Ontario
",M,"Conservative Party of Canada (2003/12/08 - )
"
"MacKenzie, Dave","MP (2004/06/28 - )
","Oxford (2004/06/28 - )
","Ontario
",M,"Conservative Party of Canada (2004/06/28 - )
"
"McGuinty, David","MP (2004/06/28 - )
","Ottawa South (2004/06/28 - )
","Ontario
",M,"Liberal Party of Canada (2004/06/28 - )
"
"Scarpaleggia, Francis","MP (2004/06/28 - )
","Lac-Saint-Louis (2004/06/28 - )
","Quebec
",M,"Liberal Party of Canada (2004/06/28 - )
"
"Scheer, Andrew","MP (2004/06/28 - )
","Regina--Qu'Appelle (2004/06/28 - )
","Saskatchewan
",M,"Conservative Party of Canada (2004/06/28 - )
"
"Masse, Brian","MP (2002/05/13 - )
","Windsor West (2002/05/13 - )
","Ontario
",M,"New Democratic Party (2002/05/13 - )
"
"Regan, Geoff","MP (2000/11/27 - )
MP (1993/10/25 - 1997/06/01)
","Halifax West (2000/11/27 - )
Halifax West (1993/10/25 - 1997/06/01)
","Nova Scotia
Nova Scotia
",M,"Liberal Party of Canada (2000/11/27 - )
Liberal Party of Canada (1993/10/25 - 1997/06/01)
"
"Gallant, Cheryl","MP (2000/11/27 - )
","Renfrew--Nipissing--Pembroke (2000/11/27 - )
","Ontario
",F,"Conservative Party of Canada (2003/12/23 - )
Canadian Reform Conservative Alliance (2000/11/27 - 2003/12/22)
"
"Ringuette, Pierrette","MP (1993/10/25 - 1997/06/01)
Senator (2002/12/12 - )
","New Brunswick (2002/12/12 - )
Madawaska--Victoria (1993/10/25 - 1997/06/01)
","New Brunswick
New Brunswick
",F,"Independent Senators Group (2017/06/01 - )
Non-affiliated (Independent Senators Group) (2016/12/02 - 2017/05/31)
Non-affiliated (2016/06/13 - 2016/12/01)
Independent (2016/02/02 - 2016/06/12)
Liberal Party of Canada (2002/12/12 - 2016/02/01)
Liberal Party of Canada (1993/10/25 - 1997/06/01)
"
"Easter, Wayne","MP (1993/10/25 - )
","Malpeque (1993/10/25 - )
","Prince Edward Island
",M,"Liberal Party of Canada (1993/10/25 - )
"
"Fry, Hedy","MP (1993/10/25 - )
","Vancouver Centre (1993/10/25 - )
","British Columbia
",F,"Liberal Party of Canada (1993/10/25 - )
"
"MacAulay, Lawrence","MP (1988/11/21 - )
","Cardigan (1988/11/21 - )
","Prince Edward Island
",M,"Liberal Party of Canada (1988/11/21 - )
"
"Joyal, Serge","MP (1979/05/22 - 1984/09/03)
MP (1974/07/08 - 1979/05/21)
Senator (1997/11/26 - 2020/01/31)
","Kennebec (1997/11/26 - 2020/01/31)
Hochelaga--Maisonneuve (1979/05/22 - 1984/09/03)
Maisonneuve--Rosemont (1974/07/08 - 1979/05/21)
","Quebec
Quebec
Quebec
",M,"Non-affiliated (2019/11/18 - 2020/01/31)
Progressive Senate Group (2019-2019) (2019/11/14 - 2019/11/17)
Liberal Party of Canada (1997/11/26 - 2019/11/13)
Liberal Party of Canada (1974/07/08 - 1984/09/03)
"
"Dawson, Dennis","MP (1977/05/24 - 1984/09/03)
Senator (2005/08/02 - )
","Lauzon (2005/08/02 - )
Louis-Hébert (1977/05/24 - 1984/09/03)
","Quebec
Quebec
",M,"Progressive Senate Group (2020/05/21 - )
Non-affiliated (2019/11/18 - 2020/05/20)
Progressive Senate Group (2019-2019) (2019/11/14 - 2019/11/17)
Liberal Party of Canada (2005/08/02 - 2019/11/13)
Liberal Party of Canada (1977/05/24 - 1984/09/03)
"
Count: 450,,,,,
